Id,Points,is_closed,likes,link,name,socialsource,source,symbol,symbol_id,talking_about,timestamp_api_call
0,0,,,,,Facebook,cryptocompare,2015,3744,,2017-12-28 01:40:59.073869
1,282,False,252.0,https://www.facebook.com/projectgivecoin/,Givecoin,Facebook,cryptocompare,2GIVE,20910,3.0,2017-12-28 01:41:00.055647
2,0,,,,,Facebook,cryptocompare,32BIT,30428,,2017-12-28 01:41:01.060252
3,0,,,,,Facebook,cryptocompare,365,33639,,2017-12-28 01:41:01.880495
4,0,,,,,Facebook,cryptocompare,42,4321,,2017-12-28 01:41:03.177758
5,0,,,,,Facebook,cryptocompare,4CHN,175683,,2017-12-28 01:41:04.513958
6,0,,,,,Facebook,cryptocompare,611,20909,,2017-12-28 01:41:05.218909
7,0,,,,,Facebook,cryptocompare,808,28223,,2017-12-28 01:41:06.337534
8,0,,,,,Facebook,cryptocompare,888,29462,,2017-12-28 01:41:07.472779
9,93,False,43.0,https://www.facebook.com/8circuitstudios/,8 Circuit Studios,Facebook,cryptocompare,8BT,177124,5.0,2017-12-28 01:41:08.626329
10,36730,False,22930.0,https://www.facebook.com/Ab-Chain-Ads-in-BlockChain-897158380440217/,Ab-Chain - Ads in BlockChain,Facebook,cryptocompare,ABC,303943,1380.0,2017-12-27 19:46:19.803845
11,0,,,,,Facebook,cryptocompare,ABY,5338,,2017-12-28 01:41:10.731749
12,0,,,,,Facebook,cryptocompare,AC,4322,,2017-12-28 01:41:11.842589
13,6691,False,3311.0,https://www.facebook.com/getadcoin/,AdCoin,Facebook,cryptocompare,ACC,249821,338.0,2017-12-28 01:41:13.075204
14,0,,,,,Facebook,cryptocompare,ACES,45617,,2017-12-28 01:41:13.646432
15,0,,,,,Facebook,cryptocompare,ACN,35949,,2017-12-28 01:41:14.693842
16,0,,,,,Facebook,cryptocompare,ACOIN,4323,,2017-12-28 01:41:15.370841
17,0,,,,,Facebook,cryptocompare,ACP,6476,,2017-12-28 01:41:15.931440
18,0,,,,,Facebook,cryptocompare,ADC,6108,,2017-12-28 01:41:16.465052
19,0,,,,,Facebook,cryptocompare,ADL,127738,,2017-12-27 21:23:12.338421
20,0,,,,,Facebook,cryptocompare,ADT,188858,,2017-12-28 01:41:17.706558
21,0,,,,,Facebook,cryptocompare,AEON,20730,,2017-12-28 01:41:18.891468
22,0,,,,,Facebook,cryptocompare,AGS,4326,,2017-12-28 01:41:19.277182
23,0,,,,,Facebook,cryptocompare,AIB,20806,,2017-12-28 01:41:20.014872
24,0,,,,,Facebook,cryptocompare,AIR*,30182,,2017-12-28 01:41:21.033337
25,0,,,,,Facebook,cryptocompare,ALF,4325,,2017-12-28 01:41:21.414738
26,0,,,,,Facebook,cryptocompare,ALIS,331603,,2017-12-28 01:41:22.682362
27,0,,,,,Facebook,cryptocompare,ALN,4328,,2017-12-28 01:41:23.323564
28,146356,False,3336.0,https://www.facebook.com/ambrosusAMB/,Ambrosus,Facebook,cryptocompare,AMB,238733,14302.0,2017-12-28 01:41:24.290514
29,0,,,,,Facebook,cryptocompare,AMC,4327,,2017-12-28 01:41:24.758751
30,0,,,,,Facebook,cryptocompare,AMIS,57676,,2017-12-28 01:41:25.817158
31,0,,,,,Facebook,cryptocompare,AMY,59304,,2017-12-28 01:41:26.290638
32,0,,,,,Facebook,cryptocompare,ANAL,37359,,2017-12-28 01:41:26.875943
33,966,False,956.0,https://www.facebook.com/antshares/,Antshares,Facebook,cryptocompare,ANC,27370,1.0,2017-12-28 01:41:27.520889
34,0,,,,,Facebook,cryptocompare,ANT,78152,,2017-12-28 01:41:28.858334
35,0,,,,,Facebook,cryptocompare,APC,20722,,2017-12-28 01:41:29.481820
36,0,,,,,Facebook,cryptocompare,APEX,4330,,2017-12-28 01:41:30.465114
37,0,,,,,Facebook,cryptocompare,APT,60419,,2017-12-28 01:41:31.377750
38,202,False,152.0,https://www.facebook.com/arcticcoin.official/,Arctic Coin,Facebook,cryptocompare,ARC,188615,5.0,2017-12-28 01:41:32.223474
39,0,,,,,Facebook,cryptocompare,ARC*,435659,,2017-12-28 01:41:32.679146
40,0,,,,,Facebook,cryptocompare,AVT,138642,,2017-12-27 21:23:34.152390
41,0,,,,,Facebook,cryptocompare,BAT,107672,,2017-12-27 21:22:54.217738
42,0,,,,,Facebook,cryptocompare,BCH,202330,,2017-12-27 15:53:42.493824
43,3466,False,3366.0,https://www.facebook.com/boscoinio/,BOScoin,Facebook,cryptocompare,BOS,116384,10.0,2017-12-27 21:23:01.685472
44,39011,False,36231.0,https://www.facebook.com/bitcoins/,Bitcoin P2P Cryptocurrency,Facebook,cryptocompare,BTC,1182,278.0,2017-12-27 16:42:15.222133
45,39002,False,36222.0,https://www.facebook.com/bitcoins/,Bitcoin P2P Cryptocurrency,Facebook,cryptocompare,BTC,1182,278.0,2017-12-27 15:53:42.227148
46,39001,False,36231.0,https://www.facebook.com/bitcoins/,Bitcoin P2P Cryptocurrency,Facebook,cryptocompare,BTC,1182,277.0,2017-12-27 18:13:45.649174
47,39003,False,36233.0,https://www.facebook.com/bitcoins/,Bitcoin P2P Cryptocurrency,Facebook,cryptocompare,BTC,1182,277.0,2017-12-27 20:42:45.457822
48,0,,,,,Facebook,cryptocompare,CFI,136984,,2017-12-27 21:23:31.750554
49,0,,,,,Facebook,cryptocompare,CLV,13074,,2017-12-27 21:23:19.086006
50,32,False,22.0,https://www.facebook.com/PayConX13/,Paycon,Facebook,cryptocompare,CON,12985,1.0,2017-12-27 21:23:15.417777
51,2445,False,2005.0,https://www.facebook.com/civictechnologiesinc/,Civic,Facebook,cryptocompare,CVC,139467,44.0,2017-12-27 21:23:35.077859
52,3,False,3.0,https://www.facebook.com/diggits.co/,Diggits,Facebook,cryptocompare,DIGS,12192,0.0,2017-12-27 21:23:04.597261
53,0,,,,,Facebook,cryptocompare,DUX,105206,,2017-12-27 21:22:51.447179
54,0,,,,,Facebook,cryptocompare,DYN,131111,,2017-12-27 21:23:22.445087
55,0,,,,,Facebook,cryptocompare,EA,45821,,2017-12-28 08:23:01.856900
56,11427,False,11377.0,https://www.facebook.com/EB3CoinIndia/,EB3 Coin,Facebook,cryptocompare,EB3,59968,5.0,2017-12-28 01:42:50.995598
57,0,,,,,Facebook,cryptocompare,EBET,345159,,2017-12-28 01:42:52.036994
58,0,,,,,Facebook,cryptocompare,EBST,368732,,2017-12-28 01:42:52.859084
59,0,,,,,Facebook,cryptocompare,EBTC,321189,,2017-12-28 01:42:53.404857
60,0,,,,,Facebook,cryptocompare,EC,30367,,2017-12-28 01:42:54.289691
61,0,,,,,Facebook,cryptocompare,ECA,409249,,2017-12-28 01:42:54.923867
62,0,,,,,Facebook,cryptocompare,ECO,61047,,2017-12-28 01:42:55.536720
63,0,,,,,Facebook,cryptocompare,EDC,22185,,2017-12-28 01:42:56.088657
64,0,,,,,Facebook,cryptocompare,EDG,55676,,2017-12-28 01:42:56.592413
65,0,,,,,Facebook,cryptocompare,EDGE,6339,,2017-12-28 01:42:57.309732
66,0,,,,,Facebook,cryptocompare,EDO,310297,,2017-12-28 01:42:57.847470
67,28531,False,23511.0,https://www.facebook.com/EDinarCoinWorld/,E-Dinar Worldwide,Facebook,cryptocompare,EDR,27634,502.0,2017-12-28 01:42:58.394056
68,0,,,,,Facebook,cryptocompare,EDRC,19051,,2017-12-28 01:42:59.015913
69,0,,,,,Facebook,cryptocompare,EFL,4438,,2017-12-28 01:42:59.808626
70,0,,,,,Facebook,cryptocompare,EFYT,165555,,2017-12-28 01:43:00.867505
71,0,,,,,Facebook,cryptocompare,EGAS,466786,,2017-12-28 01:43:01.271407
72,0,,,,,Facebook,cryptocompare,EGG,5395,,2017-12-28 01:43:02.311725
73,0,,,,,Facebook,cryptocompare,EGO,29368,,2017-12-28 01:43:02.742812
74,0,,,,,Facebook,cryptocompare,ELC,4439,,2017-12-28 01:43:03.620536
75,0,,,,,Facebook,cryptocompare,ELE,30550,,2017-12-28 01:43:04.938613
76,0,,,,,Facebook,cryptocompare,ELTCOIN,438867,,2017-12-28 01:43:05.938165
77,0,,,,,Facebook,cryptocompare,EMC2,4440,,2017-12-28 01:43:06.874312
78,0,,,,,Facebook,cryptocompare,EMPC,63312,,2017-12-28 01:43:07.321032
79,713268,False,5458.0,https://www.facebook.com/easymine.io/,easymine.io,Facebook,cryptocompare,EMT,247322,70781.0,2017-12-28 01:43:08.359879
80,0,,,,,Facebook,cryptocompare,ENE,28174,,2017-12-28 01:43:08.807720
81,0,,,,,Facebook,cryptocompare,ENT,34609,,2017-12-28 01:43:09.261663
82,0,,,,,Facebook,cryptocompare,ENTER,24307,,2017-12-28 01:43:10.250051
83,3475,False,2705.0,https://www.facebook.com/eosblockchain/,EOS IO,Facebook,cryptocompare,EOS,166503,77.0,2017-12-28 01:43:10.670794
84,0,,,,,Facebook,cryptocompare,EQM,6093,,2017-12-28 01:43:11.609680
85,0,,,,,Facebook,cryptocompare,EQT,105263,,2017-12-27 21:22:52.677983
86,0,,,,,Facebook,cryptocompare,ERY,42694,,2017-12-28 01:43:13.601303
87,419,False,319.0,https://www.facebook.com/EspersCoin/,Espers Coin,Facebook,cryptocompare,ESP,130951,10.0,2017-12-27 21:23:20.842958
88,0,,,,,Facebook,cryptocompare,ETBT,431142,,2017-12-28 01:43:14.619491
89,0,,,,,Facebook,cryptocompare,ETC,5324,,2017-12-28 01:43:15.023490
90,156295,False,114875.0,https://www.facebook.com/ethereumproject/,Ethereum,Facebook,cryptocompare,ETH,7605,4142.0,2017-12-27 16:42:17.289163
91,156542,False,114662.0,https://www.facebook.com/ethereumproject/,Ethereum,Facebook,cryptocompare,ETH,7605,4188.0,2017-12-27 15:53:43.044922
92,156470,False,115050.0,https://www.facebook.com/ethereumproject/,Ethereum,Facebook,cryptocompare,ETH,7605,4142.0,2017-12-28 01:43:15.429785
93,156514,False,115094.0,https://www.facebook.com/ethereumproject/,Ethereum,Facebook,cryptocompare,ETH,7605,4142.0,2017-12-28 08:23:31.866276
94,158112,False,114962.0,https://www.facebook.com/ethereumproject/,Ethereum,Facebook,cryptocompare,ETH,7605,4315.0,2017-12-27 20:42:48.204410
95,158072,False,114922.0,https://www.facebook.com/ethereumproject/,Ethereum,Facebook,cryptocompare,ETH,7605,4315.0,2017-12-27 18:13:48.630650
96,0,,,,,Facebook,cryptocompare,ETHB,412197,,2017-12-28 01:43:16.318766
97,1235,False,635.0,https://www.facebook.com/ethereumdark/,Ethereum Dark,Facebook,cryptocompare,ETHD,310754,60.0,2017-12-28 01:43:16.898415
98,0,,,,,Facebook,cryptocompare,ETHS,20448,,2017-12-28 01:43:17.827982
99,0,,,,,Facebook,cryptocompare,ETN,361881,,2017-12-28 01:43:18.247680
100,14595,False,11595.0,https://www.facebook.com/mvsofficial/,Metaverse,Facebook,cryptocompare,ETP,328639,300.0,2017-12-28 01:43:18.993734
101,586,False,526.0,https://www.facebook.com/encryptotel/,Encrypto Telecom,Facebook,cryptocompare,ETT,62529,6.0,2017-12-28 01:43:19.748755
102,0,,,,,Facebook,cryptocompare,EUC,34849,,2017-12-28 01:43:20.769947
103,0,,,,,Facebook,cryptocompare,EVENT,5405,,2017-12-28 01:43:21.674567
104,0,,,,,Facebook,cryptocompare,EVIL,22272,,2017-12-28 01:43:22.100133
105,0,,,,,Facebook,cryptocompare,EVR,340966,,2017-12-28 01:43:22.628124
106,11313,False,5263.0,https://www.facebook.com/everex.io/,Everex,Facebook,cryptocompare,EVX,194883,605.0,2017-12-28 01:43:23.622325
107,0,,,,,Facebook,cryptocompare,EXB,25925,,2017-12-28 01:43:24.436758
108,0,,,,,Facebook,cryptocompare,EXCL,4442,,2017-12-28 01:43:25.029849
109,0,,,,,Facebook,cryptocompare,EXIT,22180,,2017-12-28 01:43:26.085476
110,0,,,,,Facebook,cryptocompare,EXN,370961,,2017-12-28 01:43:26.464063
111,1583,False,1563.0,https://www.facebook.com/expanse.official/,expanse,Facebook,cryptocompare,EXP,12194,2.0,2017-12-27 21:23:05.293489
112,0,,,,,Facebook,cryptocompare,F16,108099,,2017-12-27 21:22:55.109623
113,0,,,,,Facebook,cryptocompare,FAIR,5313,,2017-12-28 01:43:28.797725
114,29,False,29.0,https://www.facebook.com/Famecoin-1118072174937890/,Famecoin,Facebook,cryptocompare,FAME,33268,0.0,2017-12-28 01:43:29.280574
115,0,,,,,Facebook,cryptocompare,FAZZ,60409,,2017-12-28 01:43:29.696995
116,0,,,,,Facebook,cryptocompare,FCS,6101,,2017-12-28 01:43:30.636637
117,5723,False,4773.0,https://www.facebook.com/FactomProject/,Factom,Facebook,cryptocompare,FCT,13280,95.0,2017-12-27 21:23:25.445536
118,0,,,,,Facebook,cryptocompare,FFC,4447,,2017-12-28 01:43:32.364671
119,0,,,,,Facebook,cryptocompare,FIND,48807,,2017-12-28 01:43:33.357859
120,0,,,,,Facebook,cryptocompare,FIRST,34223,,2017-12-28 01:43:34.435683
121,0,,,,,Facebook,cryptocompare,FIST,33526,,2017-12-28 01:43:35.292140
122,0,,,,,Facebook,cryptocompare,FIT,29133,,2017-12-28 01:43:35.917815
123,0,,,,,Facebook,cryptocompare,FJC,29935,,2017-12-28 01:43:36.944984
124,150,False,60.0,https://www.facebook.com/FlashCoin-1800026016723751/,FlashCoin,Facebook,cryptocompare,FLASH,326222,9.0,2017-12-28 01:43:37.807073
125,1336,False,506.0,https://www.facebook.com/theflik.io/,FLiK,Facebook,cryptocompare,FLIK,329562,83.0,2017-12-28 01:43:38.212641
126,0,,,,,Facebook,cryptocompare,FRAZ,247259,,2017-12-28 01:43:38.668793
127,0,,,,,Facebook,cryptocompare,FRC,4521,,2017-12-28 01:43:39.282021
128,0,,,,,Facebook,cryptocompare,FRK,4522,,2017-12-28 01:43:39.792906
129,0,,,,,Facebook,cryptocompare,FRST,45258,,2017-12-28 01:43:40.868122
130,0,,,,,Facebook,cryptocompare,FRWC,24866,,2017-12-28 01:43:41.335057
131,0,,,,,Facebook,cryptocompare,FTC,4524,,2017-12-28 01:43:42.361484
132,0,,,,,Facebook,cryptocompare,FTP,28131,,2017-12-28 01:43:42.743798
133,0,,,,,Facebook,cryptocompare,FUN,178978,,2017-12-28 01:43:43.559285
134,0,,,,,Facebook,cryptocompare,FUZZ,21708,,2017-12-28 01:43:44.482472
135,0,,,,,Facebook,cryptocompare,FX,28336,,2017-12-28 01:43:44.971260
136,0,,,,,Facebook,cryptocompare,FYN,180820,,2017-12-28 01:43:45.784080
137,0,,,,,Facebook,cryptocompare,FYP,464920,,2017-12-28 01:43:46.222222
138,0,,,,,Facebook,cryptocompare,GAIA,5383,,2017-12-28 01:43:46.748815
139,0,,,,,Facebook,cryptocompare,GAKH,38277,,2017-12-28 01:43:47.146573
140,0,,,,,Facebook,cryptocompare,GAM,6102,,2017-12-28 01:43:47.969881
141,0,,,,,Facebook,cryptocompare,GBIT,42103,,2017-12-28 01:43:48.926146
142,599,False,599.0,https://www.facebook.com/gbrcoinofficial/,GBR COIN,Facebook,cryptocompare,GBRC,29458,0.0,2017-12-28 01:43:49.953872
143,0,,,,,Facebook,cryptocompare,GBT,20214,,2017-12-28 01:43:50.776588
144,911,False,861.0,https://www.facebook.com/GCRWorldwide/,Global Currency Reserve WorldWide,Facebook,cryptocompare,GCR,12217,5.0,2017-12-27 21:23:06.392206
145,0,,,,,Facebook,cryptocompare,GDC,4526,,2017-12-28 01:43:51.997813
146,0,,,,,Facebook,cryptocompare,GEO,3647,,2017-12-28 01:43:52.388752
147,0,,,,,Facebook,cryptocompare,GER,531089,,2017-12-28 01:43:53.366769
148,43233,False,43003.0,https://www.facebook.com/gilgames.platform/,gilgam.es,Facebook,cryptocompare,GGS,180716,23.0,2017-12-28 01:43:53.961281
149,15017,False,13557.0,https://www.facebook.com/thegimliproject/,The Gimli Project,Facebook,cryptocompare,GIM,243079,146.0,2017-12-28 01:43:54.783393
150,0,,,,,Facebook,cryptocompare,GIVE,3641,,2017-12-28 01:43:55.239641
151,0,,,,,Facebook,cryptocompare,GIZ,21378,,2017-12-28 01:43:56.030721
152,0,,,,,Facebook,cryptocompare,GLC,4527,,2017-12-28 01:43:56.619583
153,780,False,720.0,https://www.facebook.com/gldtalk,GLDTalk,Facebook,cryptocompare,GLD,4528,6.0,2017-12-28 01:43:57.173781
154,0,,,,,Facebook,cryptocompare,GLOBE,6393,,2017-12-28 01:43:57.837684
155,0,,,,,Facebook,cryptocompare,GLX,4529,,2017-12-28 01:43:58.278540
156,0,,,,,Facebook,cryptocompare,GLYPH,4530,,2017-12-28 01:43:59.122940
157,0,,,,,Facebook,cryptocompare,GMC,5388,,2017-12-28 01:43:59.511192
158,3342,False,2802.0,https://www.facebook.com/Gnosis.pm/,Gnosis,Facebook,cryptocompare,GNO,66193,54.0,2017-12-28 01:44:00.152204
159,9738,False,7138.0,https://www.facebook.com/golemproject/,Golem Project,Facebook,cryptocompare,GNT,33022,260.0,2017-12-28 01:44:00.693675
160,0,,,,,Facebook,cryptocompare,GOOD,253766,,2017-12-28 01:44:01.139395
161,0,,,,,Facebook,cryptocompare,GOT,63304,,2017-12-28 01:44:01.619146
162,0,,,,,Facebook,cryptocompare,GOTX,21875,,2017-12-28 01:44:02.548667
163,0,,,,,Facebook,cryptocompare,GP,7625,,2017-12-28 01:44:03.107813
164,0,,,,,Facebook,cryptocompare,GPL,28330,,2017-12-28 01:44:03.549396
165,0,,,,,Facebook,cryptocompare,GPU,20650,,2017-12-28 01:44:04.120981
166,0,,,,,Facebook,cryptocompare,GRAM,8717,,2017-12-28 01:44:04.635729
167,799,False,169.0,https://www.facebook.com/graftnetwork/,Graft,Facebook,cryptocompare,GRF,326286,63.0,2017-12-28 01:44:05.294217
168,0,,,,,Facebook,cryptocompare,GRM,7592,,2017-12-28 01:44:05.677131
169,0,,,,,Facebook,cryptocompare,GROW,20600,,2017-12-28 01:44:06.755179
170,0,,,,,Facebook,cryptocompare,GRS,13070,,2017-12-27 21:23:17.401297
171,1355,False,1165.0,https://www.facebook.com/MannaCurrency/,Grantcoin: Currency with a Conscience,Facebook,cryptocompare,GRT,20438,19.0,2017-12-28 01:44:07.960499
172,0,,,,,Facebook,cryptocompare,GRWI,207931,,2017-12-28 01:44:08.546111
173,0,,,,,Facebook,cryptocompare,GSX,5397,,2017-12-28 01:44:09.057558
174,0,,,,,Facebook,cryptocompare,GUE,4532,,2017-12-28 01:44:09.976622
175,98,False,88.0,https://www.facebook.com/geofounders/,GeoFounders,Facebook,cryptocompare,GUNS,185625,1.0,2017-12-28 01:44:10.412616
176,1843,False,1543.0,https://www.facebook.com/matchpoolhq/,Matchpool,Facebook,cryptocompare,GUP,67096,30.0,2017-12-28 01:44:10.953683
177,700,False,460.0,https://www.facebook.com/GxGenevieveco/,Genevieve Co. GxCoin,Facebook,cryptocompare,GXC,247350,24.0,2017-12-28 01:44:12.214609
178,17547,False,6587.0,https://www.facebook.com/hackspacecapital/,Hackspace Capital,Facebook,cryptocompare,HAC,321347,1096.0,2017-12-28 01:44:12.635095
179,0,,,,,Facebook,cryptocompare,HAL,4533,,2017-12-28 01:44:13.105121
180,0,,,,,Facebook,cryptocompare,HAMS,112363,,2017-12-27 21:22:56.099550
181,0,,,,,Facebook,cryptocompare,HAZE,43937,,2017-12-28 01:44:14.300213
182,0,,,,,Facebook,cryptocompare,HBT,247391,,2017-12-28 01:44:15.375292
183,0,,,,,Facebook,cryptocompare,HCC,30371,,2017-12-28 01:44:15.891955
184,0,,,,,Facebook,cryptocompare,HEDG,7653,,2017-12-28 01:44:16.330120
185,0,,,,,Facebook,cryptocompare,HEEL,38035,,2017-12-28 01:44:17.190988
186,9566,False,5916.0,https://www.facebook.com/hirematchico/,HireMatch.io,Facebook,cryptocompare,HIRE,198458,365.0,2017-12-28 01:44:17.810618
187,589,False,339.0,https://www.facebook.com/hack.ether.camp/,ether.camp,Facebook,cryptocompare,HKG,29733,25.0,2017-12-28 01:44:18.933362
188,0,,,,,Facebook,cryptocompare,HKN,517775,,2017-12-28 01:44:19.831984
189,0,,,,,Facebook,cryptocompare,HNC,8846,,2017-12-28 01:44:20.566606
190,0,,,,,Facebook,cryptocompare,HODL,18670,,2017-12-28 01:44:21.579363
191,5594,False,1284.0,https://www.facebook.com/Happycoinorg/,Happy Coin Blockchain,Facebook,cryptocompare,HPC,62659,431.0,2017-12-28 01:44:21.971099
192,0,,,,,Facebook,cryptocompare,HSP,35687,,2017-12-28 01:44:22.804492
193,0,,,,,Facebook,cryptocompare,HST,374246,,2017-12-28 01:44:23.812990
194,0,,,,,Facebook,cryptocompare,HUC,4535,,2017-12-28 01:44:24.826199
195,2363,False,1323.0,https://www.facebook.com/HiveProject.net/,Hiveprojectnet,Facebook,cryptocompare,HVN,179329,104.0,2017-12-28 01:44:25.368399
196,0,,,,,Facebook,cryptocompare,HYP,4537,,2017-12-28 01:44:26.357039
197,0,,,,,Facebook,cryptocompare,HYPER,5371,,2017-12-28 01:44:27.177548
198,0,,,,,Facebook,cryptocompare,HZ,5312,,2017-12-28 01:44:27.905641
199,0,,,,,Facebook,cryptocompare,I0C,16123,,2017-12-28 01:44:28.504659
200,0,,,,,Facebook,cryptocompare,IBANK,23745,,2017-12-28 01:44:28.962207
201,0,,,,,Facebook,cryptocompare,ICASH,5401,,2017-12-28 01:44:29.364511
202,0,,,,,Facebook,cryptocompare,ICB,4538,,2017-12-28 01:44:29.793654
203,4243,False,2573.0,https://www.facebook.com/icobox.io/,ICObox,Facebook,cryptocompare,ICOS,207775,167.0,2017-12-28 01:44:30.183789
204,0,,,,,Facebook,cryptocompare,ICX,324068,,2017-12-28 01:44:30.601064
205,0,,,,,Facebook,cryptocompare,IEC,68088,,2017-12-28 01:44:30.979578
206,0,,,,,Facebook,cryptocompare,IFC,4539,,2017-12-28 01:44:31.645503
207,0,,,,,Facebook,cryptocompare,IGNIS,231674,,2017-12-28 01:44:32.035582
208,8670,False,8390.0,https://www.facebook.com/immlaio/,IMMLA,Facebook,cryptocompare,IML,184187,28.0,2017-12-28 01:44:32.805845
209,0,,,,,Facebook,cryptocompare,IMPCH,44007,,2017-12-28 01:44:33.206918
210,0,,,,,Facebook,cryptocompare,IMS,68093,,2017-12-28 01:44:33.599123
211,0,,,,,Facebook,cryptocompare,IMX,58121,,2017-12-28 01:44:34.019018
212,0,,,,,Facebook,cryptocompare,INC,38967,,2017-12-28 01:44:34.534913
213,0,,,,,Facebook,cryptocompare,INCP,22264,,2017-12-28 01:44:35.008730
214,7024,False,6144.0,https://www.facebook.com/JoinIndorse/,Indorse,Facebook,cryptocompare,IND,185953,88.0,2017-12-28 01:44:35.629236
215,0,,,,,Facebook,cryptocompare,INDI,351078,,2017-12-28 01:44:36.151260
216,22,False,22.0,https://www.facebook.com/influxcoin/,Influxcoin,Facebook,cryptocompare,INFX,20446,0.0,2017-12-28 01:44:37.241728
217,0,,,,,Facebook,cryptocompare,INSN,105284,,2017-12-27 21:22:53.287826
218,0,,,,,Facebook,cryptocompare,INXT,344988,,2017-12-28 01:44:38.460230
219,566,False,446.0,https://www.facebook.com/ionomy/,Ionomy,Facebook,cryptocompare,ION,20591,12.0,2017-12-28 01:44:39.491778
220,609,False,469.0,https://www.facebook.com/IoPCommunity/,Fermat,Facebook,cryptocompare,IOP,42596,14.0,2017-12-28 01:44:40.130852
221,0,,,,,Facebook,cryptocompare,IOT,127356,,2017-12-27 21:23:10.200312
222,0,,,,,Facebook,cryptocompare,ISL,6094,,2017-12-28 01:44:41.357187
223,0,,,,,Facebook,cryptocompare,ITT,232678,,2017-12-28 01:44:41.784104
224,0,,,,,Facebook,cryptocompare,IW,34334,,2017-12-28 01:44:42.304670
225,1526,False,1206.0,https://www.facebook.com/iXledger/,iXledger,Facebook,cryptocompare,IXT,141171,32.0,2017-12-28 01:44:42.837039
226,0,,,,,Facebook,cryptocompare,J,5335,,2017-12-28 01:44:43.449006
227,0,,,,,Facebook,cryptocompare,JANE,44955,,2017-12-28 01:44:44.282247
228,0,,,,,Facebook,cryptocompare,JBS,4542,,2017-12-28 01:44:44.690107
229,0,,,,,Facebook,cryptocompare,JOK,42101,,2017-12-28 01:44:45.269179
230,0,,,,,Facebook,cryptocompare,JPC*,371902,,2017-12-28 01:44:45.681704
231,0,,,,,Facebook,cryptocompare,KARM,16127,,2017-12-28 01:44:46.310442
232,0,,,,,Facebook,cryptocompare,LKK,130939,,2017-12-27 21:23:19.714208
233,8235,False,7865.0,https://www.facebook.com/litecoincommunity/,Litecoin,Facebook,cryptocompare,LTC,3808,37.0,2017-12-27 15:53:42.766207
234,0,,,,,Facebook,cryptocompare,LYB,13281,,2017-12-27 21:23:26.478494
235,0,,,,,Facebook,cryptocompare,MAD,131079,,2017-12-27 21:23:21.881367
236,0,,,,,Facebook,cryptocompare,MAPC,12223,,2017-12-27 21:23:07.599362
237,0,,,,,Facebook,cryptocompare,MAT*,108094,,2017-12-27 21:22:54.661572
238,0,,,,,Facebook,cryptocompare,MCAP,131154,,2017-12-27 21:23:24.292052
239,0,,,,,Facebook,cryptocompare,MI,12225,,2017-12-27 21:23:09.273188
240,0,,,,,Facebook,cryptocompare,MMC,5389,,2017-12-28 01:45:54.743403
241,0,,,,,Facebook,cryptocompare,MMXVI,36992,,2017-12-28 01:45:55.224867
242,0,,,,,Facebook,cryptocompare,MN,4563,,2017-12-28 01:45:56.116467
243,5731,False,5651.0,https://www.facebook.com/mincoin.us/,Mincoin,Facebook,cryptocompare,MNC,4564,8.0,2017-12-28 01:45:56.737921
244,0,,,,,Facebook,cryptocompare,MND,15888,,2017-12-28 01:45:57.189687
245,0,,,,,Facebook,cryptocompare,MNX,389849,,2017-12-28 01:45:58.269244
246,0,,,,,Facebook,cryptocompare,MNY,208001,,2017-12-28 01:45:58.832729
247,0,,,,,Facebook,cryptocompare,MONETA,30364,,2017-12-28 01:45:59.871978
248,0,,,,,Facebook,cryptocompare,MRS,5410,,2017-12-28 01:46:00.815345
249,0,,,,,Facebook,cryptocompare,MTR,5340,,2017-12-28 01:46:01.223964
250,0,,,,,Facebook,cryptocompare,MUDRA,25820,,2017-12-28 01:46:01.951695
251,1744,False,1504.0,https://www.facebook.com/MonetaryUnit/,MonetaryUnit,Facebook,cryptocompare,MUE,22325,24.0,2017-12-28 01:46:02.565622
252,0,,,,,Facebook,cryptocompare,MUSIC,53950,,2017-12-28 01:46:03.661185
253,0,,,,,Facebook,cryptocompare,MWC,6107,,2017-12-28 01:46:04.518010
254,1328,False,568.0,https://www.facebook.com/martexcoin/,MarteXcoin,Facebook,cryptocompare,MXT,53944,76.0,2017-12-28 01:46:05.878868
255,0,,,,,Facebook,cryptocompare,MYB,179345,,2017-12-28 01:46:06.622654
256,0,,,,,Facebook,cryptocompare,MYST,136190,,2017-12-27 21:23:27.732146
257,0,,,,,Facebook,cryptocompare,MZC,4568,,2017-12-28 01:46:07.924143
258,0,,,,,Facebook,cryptocompare,NAN,4569,,2017-12-28 01:46:08.343675
259,0,,,,,Facebook,cryptocompare,NAS2,16717,,2017-12-28 01:46:09.015330
260,112,False,112.0,https://www.facebook.com/Nautiluscoin-301698040006670/,Nautiluscoin,Facebook,cryptocompare,NAUT,4570,0.0,2017-12-28 01:46:09.716060
261,10645,False,4495.0,https://www.facebook.com/NAVCoin/,NAV Coin,Facebook,cryptocompare,NAV,4571,615.0,2017-12-28 01:46:10.696654
262,0,,,,,Facebook,cryptocompare,NBL,4572,,2017-12-28 01:46:11.733887
263,0,,,,,Facebook,cryptocompare,NDOGE,45044,,2017-12-28 01:46:12.705299
264,47012,False,46092.0,https://www.facebook.com/neblioteam/,Neblio,Facebook,cryptocompare,NEBL,222085,92.0,2017-12-28 01:46:13.624495
265,0,,,,,Facebook,cryptocompare,NEC,4573,,2017-12-28 01:46:14.326917
266,0,,,,,Facebook,cryptocompare,NEF,112405,,2017-12-27 21:22:57.901626
267,0,,,,,Facebook,cryptocompare,NEOG,370947,,2017-12-28 01:46:17.304834
268,0,,,,,Facebook,cryptocompare,NEU,372377,,2017-12-28 01:46:18.270478
269,204,False,184.0,https://www.facebook.com/nevacoin/,Nevacoin,Facebook,cryptocompare,NEVA,21669,2.0,2017-12-28 01:46:19.465581
270,0,,,,,Facebook,cryptocompare,NEWB,380794,,2017-12-28 01:46:21.604810
271,0,,,,,Facebook,cryptocompare,NGC,466339,,2017-12-28 01:46:22.774853
272,0,,,,,Facebook,cryptocompare,NICE,43253,,2017-12-28 01:46:23.611225
273,1182,False,792.0,https://www.facebook.com/nimfamoney/,Nimfamoney,Facebook,cryptocompare,NIMFA,234596,39.0,2017-12-28 01:46:24.585036
274,0,,,,,Facebook,cryptocompare,NIO,412112,,2017-12-28 01:46:25.469242
275,0,,,,,Facebook,cryptocompare,NKT,5334,,2017-12-28 01:46:25.985740
276,0,,,,,Facebook,cryptocompare,NLC,29010,,2017-12-28 01:46:27.143268
277,0,,,,,Facebook,cryptocompare,NMB,4575,,2017-12-28 01:46:27.957676
278,1803,False,1703.0,https://www.facebook.com/Namecoin.org/,Namecoin,Facebook,cryptocompare,NMC,4580,10.0,2017-12-28 01:46:31.293914
279,0,,,,,Facebook,cryptocompare,NOBL,4577,,2017-12-28 01:46:32.056872
280,0,,,,,Facebook,cryptocompare,NODE,5402,,2017-12-28 01:46:32.668727
281,0,,,,,Facebook,cryptocompare,NOO,41971,,2017-12-28 01:46:35.431843
282,1570,False,1280.0,https://www.facebook.com/Dnotescoin-777105165651768/,Dnotescoin,Facebook,cryptocompare,NOTE,5322,29.0,2017-12-28 01:46:36.485428
283,0,,,,,Facebook,cryptocompare,NRB,4576,,2017-12-28 01:46:37.589150
284,0,,,,,Facebook,cryptocompare,NRC,44001,,2017-12-28 01:46:37.985142
285,0,,,,,Facebook,cryptocompare,NRS,4578,,2017-12-28 01:46:38.380032
286,0,,,,,Facebook,cryptocompare,NTC,29366,,2017-12-28 01:46:39.244782
287,0,,,,,Facebook,cryptocompare,NTCC,41819,,2017-12-28 01:46:40.349445
288,0,,,,,Facebook,cryptocompare,NUKE,44799,,2017-12-28 01:46:46.480030
289,0,,,,,Facebook,cryptocompare,NUM,20583,,2017-12-28 01:46:47.029402
290,0,,,,,Facebook,cryptocompare,NVC,4579,,2017-12-28 01:46:53.565678
291,1176,False,436.0,https://www.facebook.com/beyondvoid/,Beyond the void,Facebook,cryptocompare,NXC,35678,74.0,2017-12-28 01:46:54.533825
292,0,,,,,Facebook,cryptocompare,NXE,22240,,2017-12-28 01:46:55.039232
293,27689,False,20589.0,https://www.facebook.com/NxtBlockchain/,Nxt Blockchain,Facebook,cryptocompare,NXT,1183,710.0,2017-12-27 21:23:04.111527
294,0,,,,,Facebook,cryptocompare,NXTI,3650,,2017-12-28 01:47:02.465486
295,82,False,72.0,https://www.facebook.com/NewYorkCoin-586472044777456/,NewYorkCoin,Facebook,cryptocompare,NYC,247232,1.0,2017-12-28 01:47:08.540062
296,0,,,,,Facebook,cryptocompare,NZC,24892,,2017-12-28 01:47:10.462121
297,0,,,,,Facebook,cryptocompare,OAX,180013,,2017-12-28 01:47:11.684559
298,468,False,468.0,https://www.facebook.com/obits.io/,Open_Bits,Facebook,cryptocompare,OBITS,15323,0.0,2017-12-28 01:47:14.451008
299,0,,,,,Facebook,cryptocompare,OBS,22177,,2017-12-28 01:47:17.020388
300,901,False,501.0,https://www.facebook.com/oceanlab.eu/,Oceanlab_eu,Facebook,cryptocompare,OCL,214738,40.0,2017-12-28 01:47:18.163706
301,0,,,,,Facebook,cryptocompare,OCTO,5393,,2017-12-28 01:47:18.566116
302,2446,False,2006.0,https://www.facebook.com/TheObsidianPlatform/,Obsidian Platform,Facebook,cryptocompare,ODN,319075,44.0,2017-12-28 01:47:19.363483
303,0,,,,,Facebook,cryptocompare,ODNT,34847,,2017-12-28 01:47:20.201512
304,0,,,,,Facebook,cryptocompare,OLDSF,20640,,2017-12-28 01:47:21.030637
305,0,,,,,Facebook,cryptocompare,OLYMP,29715,,2017-12-28 01:47:22.277889
306,1975,False,1965.0,https://www.facebook.com/BonPeKaO/,BON,Facebook,cryptocompare,OMA,22280,1.0,2017-12-28 01:47:22.711172
307,0,,,,,Facebook,cryptocompare,OPAL,4582,,2017-12-28 01:47:25.192363
308,0,,,,,Facebook,cryptocompare,OPES,42850,,2017-12-28 01:47:26.048850
309,1127,False,697.0,https://www.facebook.com/opusfoundation/,Opus,Facebook,cryptocompare,OPT,197054,43.0,2017-12-28 01:47:27.042140
310,21,False,21.0,https://www.facebook.com/Orlycoin-O-RLY-246256049059906/,Orlycoin O RLY?,Facebook,cryptocompare,ORLY,22258,0.0,2017-12-28 01:47:27.967864
311,0,,,,,Facebook,cryptocompare,ORME,301112,,2017-12-28 01:47:28.388568
312,0,,,,,Facebook,cryptocompare,OS76,41122,,2017-12-28 01:47:28.841979
313,0,,,,,Facebook,cryptocompare,OTN,370726,,2017-12-28 01:47:29.851853
314,0,,,,,Facebook,cryptocompare,OTX,188294,,2017-12-28 01:47:30.738223
315,11428,False,10498.0,https://www.facebook.com/pakcoinofficial/,Pakcoin official,Facebook,cryptocompare,PAK,17006,93.0,2017-12-28 01:47:31.350190
316,0,,,,,Facebook,cryptocompare,PART,191116,,2017-12-28 01:47:31.908204
317,0,,,,,Facebook,cryptocompare,PASL,50754,,2017-12-28 01:47:32.763568
318,0,,,,,Facebook,cryptocompare,PDC,22352,,2017-12-28 01:47:33.432960
319,0,,,,,Facebook,cryptocompare,PEN,33127,,2017-12-28 01:47:34.430180
320,0,,,,,Facebook,cryptocompare,PEPECASH,42663,,2017-12-28 01:47:34.837680
321,0,,,,,Facebook,cryptocompare,PEX,33010,,2017-12-28 01:47:35.230134
322,0,,,,,Facebook,cryptocompare,PFR,409155,,2017-12-28 01:47:35.720066
323,727,False,627.0,https://www.facebook.com/prospectors.io/,Prospectors,Facebook,cryptocompare,PGL,222125,10.0,2017-12-28 01:47:36.290694
324,0,,,,,Facebook,cryptocompare,PIO,28342,,2017-12-28 01:47:37.459920
325,0,,,,,Facebook,cryptocompare,PIRL,355019,,2017-12-28 01:47:38.191712
326,0,,,,,Facebook,cryptocompare,PIZZA,25830,,2017-12-28 01:47:39.329796
327,0,,,,,Facebook,cryptocompare,PKT,344086,,2017-12-28 01:47:40.253385
328,0,,,,,Facebook,cryptocompare,PLAY,369251,,2017-12-28 01:47:41.393003
329,0,,,,,Facebook,cryptocompare,PLBT,171884,,2017-12-28 01:47:41.808784
330,1501,False,1431.0,https://www.facebook.com/PLNcoin/,PLNcoin,Facebook,cryptocompare,PLNC,34493,7.0,2017-12-28 01:47:42.227952
331,0,,,,,Facebook,cryptocompare,PLR,184298,,2017-12-28 01:47:42.794408
332,569,False,559.0,https://www.facebook.com/Plutusit/,Plutus,Facebook,cryptocompare,PLU,42837,1.0,2017-12-28 01:47:43.326690
333,0,,,,,Facebook,cryptocompare,PLX,412081,,2017-12-28 01:47:43.733527
334,84,False,84.0,https://www.facebook.com/Pandacoin.PND/,Digitalpandacoin,Facebook,cryptocompare,PND,37366,0.0,2017-12-28 01:47:44.286595
335,999,False,469.0,https://www.facebook.com/voteclearpoll/,Clearpoll,Facebook,cryptocompare,POLL,319130,53.0,2017-12-28 01:47:44.929509
336,0,,,,,Facebook,cryptocompare,POLY,7567,,2017-12-28 01:47:45.628574
337,0,,,,,Facebook,cryptocompare,POS,370825,,2017-12-28 01:47:46.477172
338,0,,,,,Facebook,cryptocompare,POST,20444,,2017-12-28 01:47:46.907682
339,4176,False,3556.0,https://www.facebook.com/Peercoin/,Peercoin,Facebook,cryptocompare,PPC,2349,62.0,2017-12-28 01:47:47.445616
340,5257,False,1227.0,https://www.facebook.com/PayPiePlatform/,PayPie,Facebook,cryptocompare,PPP,327500,403.0,2017-12-28 01:47:48.853877
341,142354,False,142004.0,https://www.facebook.com/PeerPlays/,PeerPlays,Facebook,cryptocompare,PPY,29348,35.0,2017-12-28 01:47:49.271920
342,73,False,73.0,https://www.facebook.com/prospercoin/,Prosper Coin,Facebook,cryptocompare,PRC,3638,0.0,2017-12-28 01:47:50.086491
343,0,,,,,Facebook,cryptocompare,PRE,30024,,2017-12-28 01:47:50.673956
344,0,,,,,Facebook,cryptocompare,PRES,42841,,2017-12-28 01:47:51.241185
345,0,,,,,Facebook,cryptocompare,PRIME,20814,,2017-12-28 01:47:51.933329
346,0,,,,,Facebook,cryptocompare,PRL,429355,,2017-12-28 01:47:52.525888
347,0,,,,,Facebook,cryptocompare,PSB,29041,,2017-12-28 01:47:53.103455
348,0,,,,,Facebook,cryptocompare,PSI,29004,,2017-12-28 01:47:53.616432
349,0,,,,,Facebook,cryptocompare,PST,255777,,2017-12-28 01:47:54.129508
350,0,,,,,Facebook,cryptocompare,PSY,24871,,2017-12-28 01:47:54.645920
351,0,,,,,Facebook,cryptocompare,PTC,5317,,2017-12-28 01:47:55.340118
352,2390,False,1990.0,https://www.facebook.com/patientory/,Patientory,Facebook,cryptocompare,PTOY,129035,40.0,2017-12-27 21:23:13.266425
353,0,,,,,Facebook,cryptocompare,PURE,370535,,2017-12-28 01:47:56.388044
354,0,,,,,Facebook,cryptocompare,PX,37370,,2017-12-28 01:47:57.031353
355,0,,,,,Facebook,cryptocompare,PXI,15274,,2017-12-28 01:47:57.623247
356,25539,False,25369.0,https://www.facebook.com/QAUProject/,Quantum Project,Facebook,cryptocompare,QAU,170958,17.0,2017-12-28 01:47:58.382468
357,0,,,,,Facebook,cryptocompare,QBK,5361,,2017-12-28 01:47:58.881573
358,0,,,,,Facebook,cryptocompare,QBT,59317,,2017-12-28 01:48:00.229256
359,0,,,,,Facebook,cryptocompare,QORA,5314,,2017-12-28 01:48:01.235520
360,0,,,,,Facebook,cryptocompare,QRK,4351,,2017-12-28 01:48:02.127682
361,0,,,,,Facebook,cryptocompare,QRL,127667,,2017-12-27 21:23:11.584421
362,0,,,,,Facebook,cryptocompare,QSP,397757,,2017-12-28 01:48:03.818015
363,0,,,,,Facebook,cryptocompare,QTUM,112392,,2017-12-27 21:22:57.298679
364,0,,,,,Facebook,cryptocompare,QWARK,116425,,2017-12-27 21:23:02.832592
365,0,,,,,Facebook,cryptocompare,R,345420,,2017-12-28 01:48:06.375605
366,0,,,,,Facebook,cryptocompare,RADI,39707,,2017-12-28 01:48:06.990115
367,0,,,,,Facebook,cryptocompare,RADS,15870,,2017-12-28 01:48:08.622985
368,0,,,,,Facebook,cryptocompare,RATIO,43046,,2017-12-28 01:48:09.113506
369,0,,,,,Facebook,cryptocompare,RBIES,20320,,2017-12-28 01:48:09.650366
370,0,,,,,Facebook,cryptocompare,RBIT,26121,,2017-12-28 01:48:10.099940
371,0,,,,,Facebook,cryptocompare,RBR,5399,,2017-12-28 01:48:10.680856
372,1518,False,1138.0,https://www.facebook.com/nebulouslabs/,Nebulous,Facebook,cryptocompare,SC,13072,38.0,2017-12-27 21:23:18.246801
373,0,,,,,Facebook,cryptocompare,SEQ,131112,,2017-12-27 21:23:23.398039
374,0,,,,,Facebook,cryptocompare,SKY,136269,,2017-12-27 21:23:31.290802
375,0,,,,,Facebook,cryptocompare,SNM,136244,,2017-12-27 21:23:30.148944
376,5944,False,5114.0,https://www.facebook.com/ethstatus/,Status.im,Facebook,cryptocompare,SNT,137013,83.0,2017-12-27 21:23:32.929533
377,0,,,,,Facebook,cryptocompare,SUB*,100944,,2017-12-27 21:22:49.607960
378,0,,,,,Facebook,cryptocompare,TKR,360229,,2017-12-28 01:48:36.204619
379,0,,,,,Facebook,cryptocompare,TKS,35124,,2017-12-28 01:48:37.192274
380,672,False,502.0,https://www.facebook.com/TierionInc/,Tierion,Facebook,cryptocompare,TNT,186309,17.0,2017-12-28 01:48:37.625342
381,0,,,,,Facebook,cryptocompare,TOA,341019,,2017-12-28 01:48:38.317327
382,0,,,,,Facebook,cryptocompare,TODAY,28317,,2017-12-28 01:48:38.745641
383,0,,,,,Facebook,cryptocompare,TOM,215602,,2017-12-28 01:48:39.417177
384,0,,,,,Facebook,cryptocompare,TPG,32882,,2017-12-28 01:48:40.164798
385,0,,,,,Facebook,cryptocompare,TRA,29926,,2017-12-28 01:48:40.784889
386,224,False,184.0,https://www.facebook.com/TerracoinTRC/,TerraCoin TRC,Facebook,cryptocompare,TRC,4626,4.0,2017-12-28 01:48:41.399837
387,0,,,,,Facebook,cryptocompare,TRICK,34483,,2017-12-28 01:48:41.790653
388,0,,,,,Facebook,cryptocompare,TRON,5299,,2017-12-28 01:48:42.614262
389,2630,False,2370.0,https://www.facebook.com/wetrustplatform/,WeTrust,Facebook,cryptocompare,TRST,37040,26.0,2017-12-28 01:48:44.011381
390,0,,,,,Facebook,cryptocompare,TRUMP,20270,,2017-12-28 01:48:44.990264
391,0,,,,,Facebook,cryptocompare,TRUST,5384,,2017-12-28 01:48:45.612729
392,702,False,632.0,https://www.facebook.com/TravelCoin/,Travel Coin,Facebook,cryptocompare,TRV,255293,7.0,2017-12-28 01:48:46.599367
393,593,False,343.0,https://www.facebook.com/TronFoundation-144555002795817/,TronFoundation,Facebook,cryptocompare,TRX,310829,25.0,2017-12-28 01:48:46.990659
394,0,,,,,Facebook,cryptocompare,TSE,49610,,2017-12-28 01:48:47.579319
395,0,,,,,Facebook,cryptocompare,TX,13045,,2017-12-27 21:23:16.326002
396,0,,,,,Facebook,cryptocompare,UBIQ,28652,,2017-12-28 01:48:48.144421
397,0,,,,,Facebook,cryptocompare,UBQ,43044,,2017-12-28 01:48:48.768395
398,0,,,,,Facebook,cryptocompare,UET,191037,,2017-12-28 01:48:49.708201
399,0,,,,,Facebook,cryptocompare,UKG,371005,,2017-12-28 01:48:50.681284
400,0,,,,,Facebook,cryptocompare,UNAT,5381,,2017-12-28 01:48:51.124466
401,0,,,,,Facebook,cryptocompare,UNB,4629,,2017-12-28 01:48:51.803123
402,0,,,,,Facebook,cryptocompare,UNF,29198,,2017-12-28 01:48:52.222957
403,10,False,10.0,https://www.facebook.com/universecoin/,Universe - UNI,Facebook,cryptocompare,UNI,60631,0.0,2017-12-28 01:48:52.817883
404,0,,,,,Facebook,cryptocompare,UNIQ,25594,,2017-12-28 01:48:53.220272
405,372,False,132.0,https://www.facebook.com/unitcoin/,Universal Currency,Facebook,cryptocompare,UNIT,20728,24.0,2017-12-28 01:48:54.151293
406,1096,False,1056.0,https://www.facebook.com/SuperNETorg/,Supernet,Facebook,cryptocompare,UNITY,20635,4.0,2017-12-28 01:48:55.397986
407,0,,,,,Facebook,cryptocompare,URO,4631,,2017-12-28 01:48:56.550218
408,0,,,,,Facebook,cryptocompare,USC,100954,,2017-12-27 21:22:50.523342
409,0,,,,,Facebook,cryptocompare,USDE,5011,,2017-12-28 01:48:57.985786
410,785,False,665.0,https://www.facebook.com/tether.to/,Tether,Facebook,cryptocompare,USDT,171986,12.0,2017-12-28 01:48:58.639297
411,0,,,,,Facebook,cryptocompare,UTC,5012,,2017-12-28 01:48:59.785549
412,0,,,,,Facebook,cryptocompare,VAPOR,30016,,2017-12-28 01:49:00.243354
413,0,,,,,Facebook,cryptocompare,VEC2,22434,,2017-12-28 01:49:01.046814
414,6624,False,894.0,https://www.facebook.com/blockv.io/,BLOCKv,Facebook,cryptocompare,VEE,306482,573.0,2017-12-28 01:49:01.449213
415,0,,,,,Facebook,cryptocompare,VEG,55544,,2017-12-28 01:49:02.420356
416,4424,False,4104.0,https://www.facebook.com/reggiemiddletonfintech/,"Reggie Middleton on Finance, Technology,  Fitness & Family",Facebook,cryptocompare,VERI,136211,32.0,2017-12-27 21:23:28.932081
417,0,,,,,Facebook,cryptocompare,VIOR,5407,,2017-12-28 01:49:03.736142
418,0,,,,,Facebook,cryptocompare,VIP,22212,,2017-12-28 01:49:04.173253
419,0,,,,,Facebook,cryptocompare,VIVO,341205,,2017-12-28 01:49:05.043372
420,383,False,123.0,https://www.facebook.com/voisecomm/,VOISE,Facebook,cryptocompare,VOISE,188352,26.0,2017-12-28 01:49:05.653151
421,0,,,,,Facebook,cryptocompare,VOLT,55553,,2017-12-28 01:49:06.748609
422,0,,,,,Facebook,cryptocompare,VOOT,5016,,2017-12-28 01:49:07.162796
423,0,,,,,Facebook,cryptocompare,VOYA,24305,,2017-12-28 01:49:08.210375
424,0,,,,,Facebook,cryptocompare,VPRC,20718,,2017-12-28 01:49:09.049770
425,0,,,,,Facebook,cryptocompare,VRC,5017,,2017-12-28 01:49:09.654089
426,0,,,,,Facebook,cryptocompare,VSX,325279,,2017-12-28 01:49:10.629446
427,12290,False,7980.0,https://www.facebook.com/vertcoin/,Vertcoin,Facebook,cryptocompare,VTC,5018,431.0,2017-12-28 01:49:11.500263
428,0,,,,,Facebook,cryptocompare,VTX,30377,,2017-12-28 01:49:12.970288
429,3770,False,2630.0,https://www.facebook.com/wandx.co/,WandX,Facebook,cryptocompare,WAND,320621,114.0,2017-12-28 01:49:13.481516
430,0,,,,,Facebook,cryptocompare,WARP,25822,,2017-12-28 01:49:14.011513
431,0,,,,,Facebook,cryptocompare,WASH,32870,,2017-12-28 01:49:14.910669
432,0,,,,,Facebook,cryptocompare,WC,5019,,2017-12-28 01:49:15.491895
433,0,,,,,Facebook,cryptocompare,WDC,5020,,2017-12-28 01:49:16.530660
434,0,,,,,Facebook,cryptocompare,WEALTH,42440,,2017-12-28 01:49:17.525644
435,0,,,,,Facebook,cryptocompare,WGC,24402,,2017-12-28 01:49:18.662283
436,0,,,,,Facebook,cryptocompare,WGO,61667,,2017-12-28 01:49:19.267033
437,0,,,,,Facebook,cryptocompare,WGR,178467,,2017-12-28 01:49:20.110341
438,1246,False,1046.0,https://www.facebook.com/cryptowi/,WiC,Facebook,cryptocompare,WIC,320551,20.0,2017-12-28 01:49:20.662733
439,0,,,,,Facebook,cryptocompare,WINE,32691,,2017-12-28 01:49:21.629835
440,264,False,244.0,https://www.facebook.com/Wisc.Coin/,WisdomCoin,Facebook,cryptocompare,WISC,48794,2.0,2017-12-28 01:49:22.245436
441,0,,,,,Facebook,cryptocompare,WMC,21871,,2017-12-28 01:49:22.661713
442,0,,,,,Facebook,cryptocompare,WOLF,3653,,2017-12-28 01:49:23.589027
443,0,,,,,Facebook,cryptocompare,WOLK,198703,,2017-12-28 01:49:24.263603
444,0,,,,,Facebook,cryptocompare,WOP,37191,,2017-12-28 01:49:24.891171
445,113147,False,14157.0,https://www.facebook.com/worldcoresocial/,Worldcore.eu Payment Institution,Facebook,cryptocompare,WRC,296844,9899.0,2017-12-28 01:49:26.727119
446,0,,,,,Facebook,cryptocompare,WRC*,71873,,2017-12-28 01:49:27.184934
447,22426,False,8976.0,https://www.facebook.com/weigrate/,WeigRate,Facebook,cryptocompare,WRT,299811,1345.0,2017-12-28 01:49:27.788473
448,0,,,,,Facebook,cryptocompare,X2,29376,,2017-12-28 01:49:28.800823
449,0,,,,,Facebook,cryptocompare,XAI,5021,,2017-12-28 01:49:29.206361
450,11606,False,11186.0,https://www.facebook.com/xaurumofficial/,Xaurum Official,Facebook,cryptocompare,XAUR,25082,42.0,2017-12-28 01:49:30.200202
451,0,,,,,Facebook,cryptocompare,XBC,5391,,2017-12-28 01:49:30.848758
452,0,,,,,Facebook,cryptocompare,XBL,375352,,2017-12-28 01:49:31.466862
453,0,,,,,Facebook,cryptocompare,XBOT,5022,,2017-12-28 01:49:31.880046
454,0,,,,,Facebook,cryptocompare,XC,5024,,2017-12-28 01:49:32.292658
455,0,,,,,Facebook,cryptocompare,XCN,5386,,2017-12-28 01:49:33.028039
456,0,,,,,Facebook,cryptocompare,XCO,5408,,2017-12-28 01:49:33.613653
457,0,,,,,Facebook,cryptocompare,XCR,5026,,2017-12-28 01:49:34.151660
458,0,,,,,Facebook,cryptocompare,XDB,20826,,2017-12-28 01:49:34.555127
459,0,,,,,Facebook,cryptocompare,XDC,477743,,2017-12-28 01:49:35.460924
460,0,,,,,Facebook,cryptocompare,XDE2,22430,,2017-12-28 01:49:35.903942
461,0,,,,,Facebook,cryptocompare,XDN,5282,,2017-12-28 01:49:36.698360
462,0,,,,,Facebook,cryptocompare,XDP,3655,,2017-12-28 01:49:37.606457
463,0,,,,,Facebook,cryptocompare,XPS,105220,,2017-12-27 21:22:51.997785
464,0,,,,,Facebook,cryptocompare,ZEN,116180,,2017-12-27 21:23:00.300326
465,2974,False,2294.0,https://www.facebook.com/zrcoin/,ZrCoin,Facebook,cryptocompare,ZRC,129604,68.0,2017-12-27 21:23:14.186381
