Id,Id,Id.1,Id.1.1,Id.1.1.1,Id.1.1.1.1,Id.1.1.1.1.1,Id.1.1.1.1.1.1,Id.1.1.1.1.1.1.1,Id.1.1.1.1.1.1.1.1,Id.1.1.1.1.1.1.1.1.1,Id.1.1.1.1.1.1.1.1.1.1,has_pricing,symbol
0,,,,,,,,,,,,1,007
1,1.0,,,,,,,,,,,1,1337
2,2.0,2.0,,,,,,,,,,1,1CR
3,,,,,,,,,,,,1,1ST
4,,,,,,,,,,,,1,2015
5,5.0,5.0,5.0,5.0,5.0,,,,,,,1,2BACCO
6,6.0,,,,,,,,,,,1,2GIVE
7,7.0,7.0,7.0,7.0,7.0,,,,,,,1,32BIT
8,8.0,8.0,8.0,,,,,,,,,1,365
9,9.0,9.0,,,,,,,,,,0,3DES
10,,,,,,,,,,,,1,404
11,,,,,,,,,,,,1,42
12,12.0,12.0,,,,,,,,,,1,4CHN
13,,,,,,,,,,,,0,611
14,14.0,,,,,,,,,,,1,808
15,,,,,,,,,,,,1,888
16,,,,,,,,,,,,1,8BIT
17,,,,,,,,,,,,1,8BT
18,,,,,,,,,,,,0,8S
19,19.0,19.0,19.0,19.0,,,,,,,,0,ABC
20,,,,,,,,,,,,0,ABT
21,21.0,,,,,,,,,,,1,ABY
22,,,,,,,,,,,,0,ABYSS
23,,,,,,,,,,,,1,AC
24,24.0,24.0,24.0,24.0,,,,,,,,0,AC3
25,,,,,,,,,,,,1,ACC
26,,,,,,,,,,,,0,ACE
27,,,,,,,,,,,,1,ACES
28,28.0,28.0,,,,,,,,,,0,ACID
29,,,,,,,,,,,,1,ACN
30,,,,,,,,,,,,1,ACOIN
31,31.0,31.0,,,,,,,,,,1,ACP
32,,,,,,,,,,,,0,ACT
33,,,,,,,,,,,,0,ACT*
34,,,,,,,,,,,,0,ADA
35,,,,,,,,,,,,0,ADB
36,36.0,36.0,36.0,36.0,,,,,,,,1,ADC
37,37.0,,,,,,,,,,,1,ADCN
38,38.0,38.0,38.0,,,,,,,,,1,ADL
39,,,,,,,,,,,,1,ADN
40,,,,,,,,,,,,1,ADST
41,,,,,,,,,,,,1,ADT
42,42.0,42.0,42.0,42.0,42.0,,,,,,,0,ADX
43,,,,,,,,,,,,1,ADZ
44,,,,,,,,,,,,0,AE
45,45.0,45.0,,,,,,,,,,0,AEC
46,,,,,,,,,,,,0,AEON
47,,,,,,,,,,,,0,AERM
48,48.0,,,,,,,,,,,1,AERO
49,49.0,49.0,49.0,,,,,,,,,0,AGRS
50,50.0,,,,,,,,,,,1,AGS
51,,,,,,,,,,,,1,AHT
52,52.0,52.0,,,,,,,,,,0,AHT*
53,,,,,,,,,,,,0,AIB
54,,,,,,,,,,,,0,AID
55,,,,,,,,,,,,0,AION
56,56.0,56.0,,,,,,,,,,0,AIR
57,,,,,,,,,,,,0,AIR*
58,,,,,,,,,,,,1,ALC
59,,,,,,,,,,,,1,ALEX
60,,,,,,,,,,,,1,ALF
61,61.0,61.0,61.0,,,,,,,,,1,ALIS
62,62.0,62.0,62.0,,,,,,,,,1,ALN
63,,,,,,,,,,,,0,ALQO
64,64.0,,,,,,,,,,,1,ALTCOM
65,65.0,65.0,65.0,,,,,,,,,0,ALTOCAR
66,,,,,,,,,,,,1,AM
67,67.0,67.0,67.0,,,,,,,,,1,AMB
68,68.0,68.0,,,,,,,,,,1,AMBER
69,,,,,,,,,,,,1,AMC
70,,,,,,,,,,,,1,AMIS
71,71.0,71.0,71.0,71.0,,,,,,,,0,AMMO
72,,,,,,,,,,,,1,AMP
73,73.0,73.0,73.0,,,,,,,,,1,AMS
74,74.0,74.0,74.0,,,,,,,,,0,AMT
75,,,,,,,,,,,,1,AMY
76,76.0,76.0,76.0,,,,,,,,,1,ANAL
77,,,,,,,,,,,,0,ANC
78,,,,,,,,,,,,0,ANCP
79,79.0,79.0,,,,,,,,,,1,AND
80,,,,,,,,,,,,1,ANT
81,,,,,,,,,,,,0,ANTC
82,82.0,82.0,,,,,,,,,,0,ANTI
83,83.0,83.0,,,,,,,,,,1,APC
84,,,,,,,,,,,,1,APEX
85,85.0,85.0,85.0,,,,,,,,,0,APPC
86,86.0,,,,,,,,,,,1,APT
87,87.0,,,,,,,,,,,1,APX
88,88.0,88.0,88.0,,,,,,,,,0,AR*
89,,,,,,,,,,,,1,ARB
90,,,,,,,,,,,,0,ARBI
91,,,,,,,,,,,,1,ARC
92,92.0,92.0,92.0,92.0,,,,,,,,0,ARC*
93,93.0,93.0,,,,,,,,,,0,ARCH
94,94.0,,,,,,,,,,,1,ARCO
95,,,,,,,,,,,,0,ARDR
96,,,,,,,,,,,,1,ARENA
97,97.0,97.0,,,,,,,,,,0,ARG
98,,,,,,,,,,,,1,ARGUS
99,99.0,99.0,,,,,,,,,,1,ARI
100,100.0,100.0,100.0,,,,,,,,,0,ARI*
101,101.0,101.0,101.0,,,,,,,,,1,ARK
102,,,,,,,,,,,,1,ARM
103,103.0,,,,,,,,,,,1,ARN
104,104.0,104.0,,,,,,,,,,0,ARNA*
105,105.0,105.0,105.0,105.0,,,,,,,,1,ARPA
106,106.0,106.0,,,,,,,,,,0,ART
107,,,,,,,,,,,,1,ASAFE2
108,108.0,108.0,,,,,,,,,,1,ASN
109,,,,,,,,,,,,1,AST
110,110.0,110.0,110.0,110.0,110.0,,,,,,,1,AST*
111,111.0,111.0,111.0,,,,,,,,,1,ASTRO
112,,,,,,,,,,,,1,ATB
113,113.0,,,,,,,,,,,1,ATCC
114,,,,,,,,,,,,0,ATFS
115,,,,,,,,,,,,0,ATKN
116,,,,,,,,,,,,1,ATL
117,,,,,,,,,,,,1,ATM
118,118.0,118.0,,,,,,,,,,1,ATMS
119,,,,,,,,,,,,1,ATOM
120,,,,,,,,,,,,0,ATOM*
121,,,,,,,,,,,,0,ATS
122,122.0,122.0,,,,,,,,,,0,ATX
123,123.0,123.0,123.0,,,,,,,,,0,AUR
124,,,,,,,,,,,,1,AURS
125,,,,,,,,,,,,0,AUT
126,126.0,126.0,,,,,,,,,,0,AUTH
127,,,,,,,,,,,,1,AV
128,,,,,,,,,,,,0,AVA
129,129.0,129.0,129.0,129.0,,,,,,,,0,AVE
130,130.0,130.0,130.0,,,,,,,,,0,AVT
131,,,,,,,,,,,,1,AXIOM
132,,,,,,,,,,,,1,AXR
133,133.0,133.0,,,,,,,,,,0,AXT
134,134.0,134.0,134.0,,,,,,,,,0,B2B
135,,,,,,,,,,,,1,B3
136,136.0,,,,,,,,,,,1,B@
137,,,,,,,,,,,,1,BAC
138,138.0,138.0,138.0,138.0,,,,,,,,0,BAC*
139,139.0,139.0,,,,,,,,,,0,BAN
140,,,,,,,,,,,,0,BAR
141,,,,,,,,,,,,1,BASH
142,,,,,,,,,,,,1,BAT
143,,,,,,,,,,,,1,BAY
144,,,,,,,,,,,,1,BBCC
145,,,,,,,,,,,,1,BBR
146,,,,,,,,,,,,1,BBT
147,147.0,147.0,147.0,,,,,,,,,0,BBT*
148,,,,,,,,,,,,1,BCAP
149,149.0,,,,,,,,,,,1,BCCOIN
150,150.0,,,,,,,,,,,1,BCD
151,151.0,151.0,,,,,,,,,,0,BCD*
152,152.0,152.0,152.0,,,,,,,,,1,BCF
153,153.0,153.0,,,,,,,,,,1,BCH
154,154.0,154.0,,,,,,,,,,1,BCN
155,,,,,,,,,,,,0,BCO*
156,156.0,156.0,,,,,,,,,,1,BCOIN
157,,,,,,,,,,,,1,BCPT
158,,,,,,,,,,,,1,BCR
159,159.0,159.0,,,,,,,,,,1,BCX
160,,,,,,,,,,,,0,BCX*
161,,,,,,,,,,,,1,BCY
162,,,,,,,,,,,,0,BDG
163,,,,,,,,,,,,1,BDL
164,,,,,,,,,,,,0,BDR
165,,,,,,,,,,,,0,BELA
166,166.0,166.0,166.0,166.0,,,,,,,,1,BEN
167,167.0,167.0,167.0,167.0,167.0,167.0,167.0,167.0,167.0,,,1,BENJI
168,,,,,,,,,,,,1,BERN
169,169.0,169.0,169.0,169.0,,,,,,,,1,BEST
170,,,,,,,,,,,,1,BET
171,,,,,,,,,,,,1,BET*
172,172.0,172.0,172.0,172.0,,,,,,,,1,BFX
173,173.0,,,,,,,,,,,1,BHC
174,174.0,,,,,,,,,,,1,BHC*
175,175.0,175.0,175.0,175.0,,,,,,,,1,BIC
176,176.0,176.0,,,,,,,,,,1,BIGUP
177,,,,,,,,,,,,1,BIO
178,,,,,,,,,,,,1,BIOB
179,,,,,,,,,,,,1,BIOS
180,,,,,,,,,,,,1,BIP
181,181.0,181.0,,,,,,,,,,0,BIS
182,,,,,,,,,,,,1,BIT16
183,183.0,183.0,,,,,,,,,,0,BITB
184,,,,,,,,,,,,0,BITCNY
185,,,,,,,,,,,,1,BITOK
186,,,,,,,,,,,,1,BITS
187,187.0,187.0,,,,,,,,,,0,BITSD
188,188.0,188.0,,,,,,,,,,0,BITUSD
189,,,,,,,,,,,,1,BITZ
190,,,,,,,,,,,,0,BKX
191,,,,,,,,,,,,0,BLAS
192,,,,,,,,,,,,1,BLAZR
193,,,,,,,,,,,,1,BLC
194,194.0,194.0,194.0,,,,,,,,,0,BLITZ
195,195.0,,,,,,,,,,,1,BLK
196,196.0,196.0,,,,,,,,,,1,BLOCK
197,197.0,197.0,,,,,,,,,,0,BLOCKPAY
198,198.0,,,,,,,,,,,1,BLRY
199,199.0,199.0,,,,,,,,,,0,BLU
200,200.0,200.0,,,,,,,,,,0,BLUE
201,201.0,201.0,201.0,201.0,201.0,201.0,201.0,201.0,201.0,,,1,BLX
202,,,,,,,,,,,,1,BM
203,,,,,,,,,,,,0,BM*
204,,,,,,,,,,,,0,BMC
205,205.0,,,,,,,,,,,1,BMT
206,206.0,206.0,206.0,,,,,,,,,0,BMXT
207,,,,,,,,,,,,1,BNB
208,208.0,208.0,208.0,,,,,,,,,0,BNB*
209,209.0,209.0,,,,,,,,,,0,BNC
210,210.0,210.0,,,,,,,,,,0,BNK
211,,,,,,,,,,,,1,BNT
212,,,,,,,,,,,,0,BNTY
213,213.0,,,,,,,,,,,1,BNX
214,,,,,,,,,,,,0,BOAT
215,215.0,,,,,,,,,,,1,BOB
216,,,,,,,,,,,,0,BOG
217,217.0,217.0,,,,,,,,,,1,BOLI
218,218.0,218.0,,,,,,,,,,1,BOMB
219,,,,,,,,,,,,0,BON
220,,,,,,,,,,,,0,BON*
221,,,,,,,,,,,,1,BOOM
222,222.0,,,,,,,,,,,1,BOS
223,,,,,,,,,,,,1,BOSON
224,,,,,,,,,,,,1,BOSS
225,,,,,,,,,,,,1,BOST
226,,,,,,,,,,,,0,BOTS
227,227.0,227.0,,,,,,,,,,0,BOU
228,,,,,,,,,,,,0,BOXY
229,,,,,,,,,,,,1,BPL
230,,,,,,,,,,,,0,BQ
231,231.0,,,,,,,,,,,1,BQC
232,232.0,,,,,,,,,,,1,BQX
233,,,,,,,,,,,,0,BRAIN
234,234.0,234.0,,,,,,,,,,0,BRAT
235,235.0,235.0,,,,,,,,,,0,BRD
236,236.0,,,,,,,,,,,1,BRDD
237,,,,,,,,,,,,1,BRIT
238,238.0,,,,,,,,,,,1,BRK
239,239.0,239.0,239.0,,,,,,,,,0,BRO
240,,,,,,,,,,,,1,BRONZ
241,,,,,,,,,,,,0,BRX
242,242.0,242.0,242.0,,,,,,,,,0,BS
243,243.0,,,,,,,,,,,1,BSC
244,244.0,244.0,,,,,,,,,,1,BSD
245,245.0,245.0,,,,,,,,,,1,BST
246,,,,,,,,,,,,0,BSTAR
247,247.0,,,,,,,,,,,1,BSTK
248,248.0,,,,,,,,,,,1,BSTY
249,249.0,249.0,,,,,,,,,,0,BT
250,,,,,,,,,,,,1,BT1
251,251.0,251.0,251.0,251.0,251.0,,,,,,,1,BT2
252,,,,,,,,,,,,1,BTA
253,253.0,253.0,253.0,,,,,,,,,0,BTB
254,,,,,,,,,,,,1,BTC
255,,,,,,,,,,,,1,BTCA
256,256.0,256.0,,,,,,,,,,0,BTCD
257,,,,,,,,,,,,0,BTCE
258,258.0,258.0,,,,,,,,,,0,BTCL
259,259.0,259.0,259.0,,,,,,,,,0,BTCL*
260,,,,,,,,,,,,1,BTCM
261,,,,,,,,,,,,1,BTCR
262,,,,,,,,,,,,0,BTCRED
263,263.0,263.0,263.0,263.0,263.0,,,,,,,1,BTCRY
264,264.0,,,,,,,,,,,1,BTCS
265,265.0,,,,,,,,,,,1,BTCZ
266,,,,,,,,,,,,0,BTD
267,,,,,,,,,,,,1,BTDX
268,268.0,268.0,,,,,,,,,,0,BTE
269,,,,,,,,,,,,0,BTG
270,,,,,,,,,,,,1,BTG*
271,271.0,,,,,,,,,,,1,BTLC
272,,,,,,,,,,,,1,BTM
273,,,,,,,,,,,,1,BTM*
274,274.0,,,,,,,,,,,1,BTMI
275,275.0,275.0,275.0,275.0,275.0,275.0,275.0,275.0,275.0,275.0,275.0,0,BTPL
276,,,,,,,,,,,,1,BTQ
277,277.0,277.0,277.0,277.0,,,,,,,,0,BTS
278,278.0,278.0,278.0,,,,,,,,,1,BTTF
279,279.0,,,,,,,,,,,1,BTX
280,,,,,,,,,,,,1,BTX*
281,,,,,,,,,,,,1,BTZ
282,282.0,,,,,,,,,,,1,BUCKS
283,283.0,283.0,,,,,,,,,,0,BUCKS*
284,,,,,,,,,,,,1,BUK
285,,,,,,,,,,,,0,BULLS
286,,,,,,,,,,,,1,BURST
287,287.0,,,,,,,,,,,1,BUZZ
288,288.0,,,,,,,,,,,1,BVC
289,289.0,,,,,,,,,,,1,BWK
290,,,,,,,,,,,,1,BXC
291,,,,,,,,,,,,1,BXT
292,,,,,,,,,,,,1,BYC
293,293.0,293.0,293.0,293.0,293.0,293.0,293.0,293.0,293.0,293.0,293.0,0,BamitCoin
294,294.0,294.0,294.0,,,,,,,,,1,C2
295,295.0,295.0,,,,,,,,,,0,C20
296,296.0,296.0,,,,,,,,,,0,CAB
297,,,,,,,,,,,,0,CABS
298,,,,,,,,,,,,0,CABS*
299,,,,,,,,,,,,1,CACH
300,,,,,,,,,,,,1,CAG
301,301.0,301.0,,,,,,,,,,1,CAIX
302,302.0,302.0,302.0,302.0,,,,,,,,0,CALC
303,303.0,303.0,,,,,,,,,,1,CAM
304,,,,,,,,,,,,0,CAN*
305,305.0,305.0,305.0,305.0,,,,,,,,0,CANN
306,,,,,,,,,,,,0,CAP
307,307.0,307.0,,,,,,,,,,1,CAPP
308,308.0,308.0,,,,,,,,,,0,CARBON
309,,,,,,,,,,,,0,CAS
310,,,,,,,,,,,,0,CASH
311,,,,,,,,,,,,0,CASH*
312,312.0,312.0,312.0,312.0,312.0,312.0,312.0,312.0,312.0,312.0,,1,CAT
313,,,,,,,,,,,,1,CAT*
314,314.0,314.0,314.0,,,,,,,,,0,CAT1
315,315.0,315.0,315.0,315.0,,,,,,,,0,CAV
316,,,,,,,,,,,,1,CBD
317,317.0,317.0,,,,,,,,,,1,CBX
318,318.0,318.0,318.0,,,,,,,,,1,CC
319,,,,,,,,,,,,1,CCC
320,320.0,320.0,,,,,,,,,,1,CCN
321,,,,,,,,,,,,0,CCOS
322,322.0,,,,,,,,,,,1,CCRB
323,,,,,,,,,,,,0,CCT*
324,324.0,324.0,,,,,,,,,,0,CCX
325,325.0,325.0,325.0,325.0,,,,,,,,0,CDN
326,326.0,326.0,326.0,,,,,,,,,0,CDT
327,327.0,327.0,,,,,,,,,,0,CDX
328,328.0,328.0,,,,,,,,,,0,CDX*
329,,,,,,,,,,,,1,CELL
330,,,,,,,,,,,,0,CESC
331,331.0,331.0,,,,,,,,,,1,CETI
332,,,,,,,,,,,,1,CF
333,333.0,333.0,,,,,,,,,,1,CFC
334,334.0,334.0,,,,,,,,,,1,CFD
335,,,,,,,,,,,,1,CFI
336,336.0,336.0,336.0,,,,,,,,,0,CFT
337,337.0,337.0,,,,,,,,,,0,CFT*
338,338.0,,,,,,,,,,,1,CGA
339,,,,,,,,,,,,1,CHA
340,340.0,340.0,340.0,,,,,,,,,1,CHAO
341,,,,,,,,,,,,1,CHASH
342,,,,,,,,,,,,0,CHAT
343,,,,,,,,,,,,1,CHC
344,344.0,,,,,,,,,,,1,CHESS
345,,,,,,,,,,,,1,CHIEF
346,,,,,,,,,,,,1,CHILD
347,347.0,347.0,347.0,,,,,,,,,0,CHIP
348,,,,,,,,,,,,0,CHIPS*
349,,,,,,,,,,,,0,CHOOF
350,350.0,350.0,350.0,350.0,,,,,,,,0,CIN
351,351.0,351.0,,,,,,,,,,0,CINNI
352,352.0,352.0,352.0,,,,,,,,,0,CIR
353,,,,,,,,,,,,1,CIRC
354,,,,,,,,,,,,0,CIX
355,,,,,,,,,,,,0,CJ
356,,,,,,,,,,,,0,CJC
357,,,,,,,,,,,,0,CJT
358,358.0,,,,,,,,,,,1,CKC
359,,,,,,,,,,,,0,CLAM
360,360.0,,,,,,,,,,,1,CLD
361,361.0,,,,,,,,,,,1,CLICK
362,,,,,,,,,,,,0,CLINT
363,363.0,363.0,,,,,,,,,,1,CLOAK
364,,,,,,,,,,,,0,CLOUT
365,,,,,,,,,,,,1,CLR
366,,,,,,,,,,,,1,CLUB
367,,,,,,,,,,,,1,CLUD
368,368.0,368.0,368.0,368.0,368.0,,,,,,,1,CLV
369,,,,,,,,,,,,0,CMC
370,,,,,,,,,,,,1,CMP
371,371.0,371.0,371.0,371.0,371.0,,,,,,,1,CMPCO
372,372.0,372.0,372.0,,,,,,,,,1,CMS
373,373.0,373.0,,,,,,,,,,1,CMT
374,374.0,374.0,,,,,,,,,,0,CMT*
375,375.0,,,,,,,,,,,1,CNBC
376,,,,,,,,,,,,1,CNC
377,377.0,377.0,377.0,,,,,,,,,0,CND
378,378.0,378.0,378.0,378.0,378.0,,,,,,,0,CND*
379,379.0,379.0,379.0,,,,,,,,,0,CNL
380,,,,,,,,,,,,0,CNMT
381,381.0,381.0,,,,,,,,,,1,CNO
382,382.0,,,,,,,,,,,1,CNT
383,383.0,383.0,,,,,,,,,,1,CNX
384,384.0,384.0,,,,,,,,,,1,COAL
385,385.0,,,,,,,,,,,1,COB
386,386.0,,,,,,,,,,,1,COC
387,387.0,387.0,387.0,387.0,,,,,,,,1,COE
388,388.0,388.0,,,,,,,,,,0,COFI
389,389.0,389.0,389.0,389.0,,,,,,,,0,COIN
390,390.0,390.0,,,,,,,,,,0,COIN*
391,391.0,391.0,391.0,,,,,,,,,0,COLX
392,392.0,392.0,392.0,,,,,,,,,0,COMM
393,,,,,,,,,,,,1,CON
394,394.0,394.0,394.0,394.0,394.0,394.0,394.0,394.0,394.0,394.0,,0,COOL
395,,,,,,,,,,,,1,COR
396,,,,,,,,,,,,0,CORAL
397,397.0,397.0,397.0,,,,,,,,,1,CORE
398,398.0,398.0,,,,,,,,,,1,COSS
399,399.0,399.0,399.0,,,,,,,,,0,COV
400,,,,,,,,,,,,0,COV*
401,401.0,401.0,,,,,,,,,,0,COVAL
402,402.0,,,,,,,,,,,1,COX
403,403.0,403.0,,,,,,,,,,0,CPAY
404,404.0,404.0,404.0,404.0,404.0,,,,,,,1,CPC
405,405.0,405.0,,,,,,,,,,1,CQST
406,,,,,,,,,,,,1,CRAB
407,407.0,407.0,,,,,,,,,,1,CRACK
408,408.0,408.0,,,,,,,,,,1,CRAFT
409,,,,,,,,,,,,1,CRAIG
410,,,,,,,,,,,,1,CRAVE
411,,,,,,,,,,,,0,CRB
412,412.0,412.0,,,,,,,,,,1,CRC
413,,,,,,,,,,,,0,CRDS
414,414.0,414.0,414.0,414.0,414.0,414.0,414.0,414.0,414.0,,,1,CRE
415,415.0,415.0,,,,,,,,,,0,CREA
416,,,,,,,,,,,,0,CRED
417,417.0,417.0,417.0,,,,,,,,,1,CREDO
418,,,,,,,,,,,,1,CREVA
419,,,,,,,,,,,,1,CRM
420,420.0,,,,,,,,,,,1,CRNK
421,,,,,,,,,,,,1,CRPS
422,,,,,,,,,,,,1,CRTM
423,423.0,423.0,,,,,,,,,,0,CRW
424,424.0,424.0,424.0,,,,,,,,,1,CRX
425,425.0,425.0,,,,,,,,,,1,CRYPT
426,426.0,426.0,426.0,,,,,,,,,0,CS
427,427.0,427.0,427.0,427.0,,,,,,,,0,CSC
428,,,,,,,,,,,,0,CSH
429,,,,,,,,,,,,1,CSMIC
430,430.0,430.0,,,,,,,,,,1,CSNO
431,,,,,,,,,,,,0,CSTL
432,432.0,432.0,,,,,,,,,,1,CTC
433,433.0,433.0,433.0,,,,,,,,,0,CTIC
434,,,,,,,,,,,,1,CTO
435,435.0,435.0,,,,,,,,,,0,CTR
436,436.0,,,,,,,,,,,1,CTT
437,,,,,,,,,,,,0,CTX
438,438.0,,,,,,,,,,,1,CUBE
439,,,,,,,,,,,,1,CURE
440,440.0,,,,,,,,,,,1,CVC
441,,,,,,,,,,,,0,CVCOIN
442,442.0,442.0,442.0,,,,,,,,,1,CWV
443,,,,,,,,,,,,0,CWXT
444,444.0,444.0,,,,,,,,,,1,CXC
445,,,,,,,,,,,,1,CXT
446,,,,,,,,,,,,0,CYC
447,447.0,447.0,447.0,447.0,447.0,447.0,447.0,447.0,447.0,,,1,CYG
448,,,,,,,,,,,,1,CYP
449,,,,,,,,,,,,1,CYT
450,450.0,,,,,,,,,,,1,CZC
451,,,,,,,,,,,,1,DANK
452,452.0,,,,,,,,,,,1,DAR
453,453.0,453.0,,,,,,,,,,0,DARK
454,,,,,,,,,,,,1,DAS
455,455.0,455.0,,,,,,,,,,0,DASH
456,456.0,456.0,,,,,,,,,,0,DAT
457,,,,,,,,,,,,1,DATA
458,458.0,458.0,458.0,,,,,,,,,1,DAXX
459,459.0,459.0,,,,,,,,,,0,DAY
460,460.0,460.0,460.0,,,,,,,,,1,DB
461,,,,,,,,,,,,1,DBET
462,,,,,,,,,,,,1,DBG
463,463.0,463.0,463.0,463.0,,,,,,,,1,DBIC
464,,,,,,,,,,,,1,DBIX
465,465.0,465.0,,,,,,,,,,0,DBR
466,,,,,,,,,,,,1,DBTC
467,,,,,,,,,,,,1,DCC
468,468.0,,,,,,,,,,,1,DCK
469,469.0,469.0,469.0,469.0,,,,,,,,1,DCN
470,470.0,,,,,,,,,,,1,DCR
471,,,,,,,,,,,,1,DCRE
472,,,,,,,,,,,,0,DCS.
473,,,,,,,,,,,,0,DCT
474,474.0,474.0,474.0,474.0,,,,,,,,0,DCY
475,475.0,475.0,,,,,,,,,,1,DDF
476,,,,,,,,,,,,1,DEA
477,477.0,477.0,,,,,,,,,,0,DEB
478,478.0,,,,,,,,,,,1,DEEP
479,479.0,479.0,,,,,,,,,,0,DEM
480,480.0,480.0,480.0,,,,,,,,,0,DENT
481,481.0,,,,,,,,,,,1,DES
482,482.0,482.0,,,,,,,,,,0,DETH
483,483.0,483.0,483.0,483.0,483.0,483.0,483.0,483.0,483.0,483.0,483.0,0,DEUR
484,484.0,484.0,484.0,,,,,,,,,0,DFBT
485,,,,,,,,,,,,1,DFT
486,486.0,486.0,486.0,,,,,,,,,1,DGB
487,,,,,,,,,,,,0,DGC
488,,,,,,,,,,,,1,DGD
489,489.0,489.0,489.0,489.0,489.0,489.0,489.0,489.0,489.0,489.0,489.0,0,DGDC
490,490.0,490.0,,,,,,,,,,0,DGMS
491,,,,,,,,,,,,1,DGORE
492,492.0,,,,,,,,,,,1,DGPT
493,493.0,493.0,,,,,,,,,,0,DICE
494,494.0,494.0,,,,,,,,,,1,DIEM
495,,,,,,,,,,,,1,DIGS
496,496.0,496.0,496.0,,,,,,,,,0,DIM
497,,,,,,,,,,,,0,DIME
498,,,,,,,,,,,,0,DISK
499,499.0,499.0,499.0,499.0,499.0,,,,,,,1,DIVX
500,,,,,,,,,,,,1,DKC
501,,,,,,,,,,,,1,DLC
502,502.0,502.0,502.0,502.0,502.0,,,,,,,1,DLISK
503,503.0,503.0,,,,,,,,,,0,DLR
504,,,,,,,,,,,,1,DLT
505,,,,,,,,,,,,1,DMD
506,,,,,,,,,,,,0,DMT
507,,,,,,,,,,,,1,DNA
508,,,,,,,,,,,,1,DNET
509,,,,,,,,,,,,0,DNR
510,,,,,,,,,,,,1,DNT
511,511.0,511.0,,,,,,,,,,1,DOGE
512,512.0,,,,,,,,,,,1,DOGED
513,513.0,,,,,,,,,,,1,DOGETH
514,514.0,514.0,,,,,,,,,,0,DON
515,,,,,,,,,,,,1,DOPE
516,,,,,,,,,,,,1,DOT
517,,,,,,,,,,,,1,DOVU
518,518.0,518.0,518.0,,,,,,,,,0,DP
519,,,,,,,,,,,,1,DPAY
520,520.0,,,,,,,,,,,1,DPP
521,,,,,,,,,,,,1,DRA
522,,,,,,,,,,,,1,DRACO
523,,,,,,,,,,,,0,DRC
524,,,,,,,,,,,,0,DRC*
525,525.0,525.0,525.0,,,,,,,,,0,DRGN
526,526.0,526.0,526.0,,,,,,,,,0,DRKC
527,527.0,527.0,,,,,,,,,,1,DRKT
528,,,,,,,,,,,,1,DRM8
529,,,,,,,,,,,,1,DROP
530,530.0,530.0,530.0,530.0,530.0,,,,,,,0,DRP
531,531.0,531.0,,,,,,,,,,0,DRS
532,,,,,,,,,,,,0,DRT
533,533.0,533.0,,,,,,,,,,0,DRXNE
534,534.0,,,,,,,,,,,1,DRZ
535,535.0,535.0,,,,,,,,,,1,DSB
536,,,,,,,,,,,,1,DSH
537,,,,,,,,,,,,1,DT
538,538.0,,,,,,,,,,,1,DTB
539,,,,,,,,,,,,1,DTC
540,,,,,,,,,,,,1,DTC*
541,,,,,,,,,,,,0,DTCT
542,,,,,,,,,,,,1,DTR
543,543.0,543.0,,,,,,,,,,0,DTT
544,,,,,,,,,,,,0,DTT*
545,545.0,545.0,,,,,,,,,,0,DUB
546,,,,,,,,,,,,0,DUCK
547,547.0,547.0,,,,,,,,,,1,DUO
548,,,,,,,,,,,,0,DUTCH
549,,,,,,,,,,,,1,DUX
550,,,,,,,,,,,,1,DVC
551,551.0,,,,,,,,,,,1,DYN
552,,,,,,,,,,,,1,EA
553,,,,,,,,,,,,1,EAC
554,554.0,,,,,,,,,,,1,EAGS
555,555.0,555.0,,,,,,,,,,0,EARTH
556,,,,,,,,,,,,1,EB3
557,557.0,,,,,,,,,,,1,EBCH
558,558.0,558.0,,,,,,,,,,0,EBET
559,559.0,559.0,,,,,,,,,,1,EBS
560,560.0,,,,,,,,,,,1,EBST
561,,,,,,,,,,,,0,EBTC
562,,,,,,,,,,,,0,EBZ
563,,,,,,,,,,,,0,EC
564,,,,,,,,,,,,1,ECA
565,,,,,,,,,,,,0,ECASH
566,,,,,,,,,,,,0,ECC
567,567.0,567.0,567.0,567.0,567.0,,,,,,,0,ECHT
568,,,,,,,,,,,,0,ECO
569,,,,,,,,,,,,1,ECOB
570,570.0,570.0,,,,,,,,,,1,EDC
571,571.0,,,,,,,,,,,1,EDDIE
572,572.0,572.0,572.0,,,,,,,,,0,EDG
573,,,,,,,,,,,,1,EDGE
574,,,,,,,,,,,,0,EDO
575,,,,,,,,,,,,1,EDR
576,,,,,,,,,,,,1,EDRC
577,577.0,577.0,,,,,,,,,,1,EFL
578,,,,,,,,,,,,1,EFYT
579,,,,,,,,,,,,0,EGAS
580,,,,,,,,,,,,1,EGC
581,581.0,581.0,,,,,,,,,,0,EGG
582,,,,,,,,,,,,1,EGO
583,,,,,,,,,,,,1,EKN
584,584.0,,,,,,,,,,,1,EKO
585,585.0,585.0,585.0,585.0,,,,,,,,0,ELC
586,586.0,586.0,586.0,586.0,,,,,,,,0,ELE
587,,,,,,,,,,,,0,ELF
588,588.0,588.0,,,,,,,,,,0,ELITE
589,,,,,,,,,,,,0,ELIX
590,590.0,590.0,590.0,590.0,,,,,,,,1,ELLA
591,,,,,,,,,,,,0,ELM
592,592.0,,,,,,,,,,,1,ELS
593,,,,,,,,,,,,0,ELT
594,594.0,594.0,594.0,,,,,,,,,0,ELTC2
595,,,,,,,,,,,,0,ELTCOIN
596,596.0,596.0,596.0,596.0,596.0,596.0,596.0,596.0,596.0,,,1,EMB
597,,,,,,,,,,,,1,EMC
598,598.0,598.0,,,,,,,,,,0,EMC2
599,,,,,,,,,,,,0,EMD
600,600.0,600.0,,,,,,,,,,1,EMGO
601,,,,,,,,,,,,0,EMIGR
602,,,,,,,,,,,,1,EMPC
603,,,,,,,,,,,,1,EMT
604,604.0,604.0,604.0,,,,,,,,,1,ENE
605,,,,,,,,,,,,1,ENG
606,,,,,,,,,,,,1,ENJ
607,,,,,,,,,,,,0,ENRG
608,,,,,,,,,,,,0,ENT
609,609.0,609.0,609.0,609.0,,,,,,,,1,ENTER
610,,,,,,,,,,,,1,EOC
611,611.0,611.0,611.0,611.0,,,,,,,,0,EON
612,,,,,,,,,,,,1,EOS
613,,,,,,,,,,,,1,EPY
614,614.0,614.0,614.0,614.0,614.0,,,,,,,0,EPY*
615,,,,,,,,,,,,1,EQ
616,616.0,616.0,616.0,616.0,,,,,,,,0,EQB
617,,,,,,,,,,,,0,EQM
618,618.0,,,,,,,,,,,1,EQT
619,619.0,619.0,619.0,,,,,,,,,0,EQUAL
620,620.0,620.0,,,,,,,,,,0,ERB
621,621.0,,,,,,,,,,,1,ERC
622,622.0,622.0,622.0,622.0,,,,,,,,0,ERO
623,623.0,623.0,623.0,623.0,,,,,,,,0,ERR
624,624.0,624.0,624.0,624.0,,,,,,,,1,ERT
625,,,,,,,,,,,,1,ERY
626,,,,,,,,,,,,0,ESC*
627,627.0,,,,,,,,,,,1,ESP
628,628.0,628.0,628.0,,,,,,,,,0,ETBS
629,629.0,629.0,,,,,,,,,,0,ETBT
630,,,,,,,,,,,,1,ETC
631,631.0,631.0,,,,,,,,,,0,ETF
632,,,,,,,,,,,,1,ETG
633,633.0,633.0,633.0,633.0,,,,,,,,1,ETH
634,634.0,634.0,634.0,,,,,,,,,1,ETHB
635,,,,,,,,,,,,0,ETHD
636,636.0,636.0,636.0,636.0,636.0,636.0,636.0,636.0,636.0,,,1,ETHS
637,637.0,637.0,,,,,,,,,,0,ETK
638,,,,,,,,,,,,1,ETN
639,639.0,,,,,,,,,,,1,ETP
640,640.0,,,,,,,,,,,1,ETT
641,641.0,641.0,641.0,641.0,641.0,,,,,,,0,EUC
642,,,,,,,,,,,,0,EVC
643,,,,,,,,,,,,0,EVENT
644,,,,,,,,,,,,0,EVIL
645,645.0,645.0,645.0,645.0,,,,,,,,0,EVN
646,646.0,,,,,,,,,,,1,EVR
647,,,,,,,,,,,,0,EVX
648,648.0,648.0,,,,,,,,,,1,EXB
649,649.0,649.0,,,,,,,,,,1,EXCL
650,650.0,650.0,,,,,,,,,,1,EXE
651,,,,,,,,,,,,0,EXIT
652,,,,,,,,,,,,1,EXN
653,,,,,,,,,,,,1,EXP
654,654.0,654.0,,,,,,,,,,0,EXY
655,,,,,,,,,,,,1,EZC
656,656.0,656.0,656.0,,,,,,,,,0,EZM
657,,,,,,,,,,,,1,F16
658,658.0,,,,,,,,,,,1,FAIR
659,659.0,,,,,,,,,,,1,FAME
660,660.0,,,,,,,,,,,1,FAZZ
661,661.0,661.0,,,,,,,,,,1,FC
662,,,,,,,,,,,,0,FC2
663,,,,,,,,,,,,1,FCN
664,,,,,,,,,,,,1,FCS
665,665.0,665.0,665.0,665.0,,,,,,,,1,FCT
666,666.0,666.0,666.0,,,,,,,,,0,FDC
667,,,,,,,,,,,,0,FFC
668,668.0,,,,,,,,,,,1,FGZ
669,669.0,669.0,,,,,,,,,,1,FIBRE
670,670.0,670.0,670.0,,,,,,,,,0,FIL
671,671.0,671.0,,,,,,,,,,0,FIND
672,672.0,672.0,672.0,,,,,,,,,0,FIRE
673,673.0,673.0,673.0,,,,,,,,,0,FIRST
674,,,,,,,,,,,,1,FIST
675,,,,,,,,,,,,1,FIT
676,676.0,,,,,,,,,,,1,FJC
677,,,,,,,,,,,,0,FLAP
678,678.0,678.0,,,,,,,,,,0,FLASH
679,,,,,,,,,,,,1,FLDC
680,680.0,680.0,,,,,,,,,,1,FLIK
681,,,,,,,,,,,,1,FLIXX
682,682.0,,,,,,,,,,,1,FLLW
683,683.0,683.0,,,,,,,,,,1,FLO
684,684.0,684.0,,,,,,,,,,0,FLP
685,685.0,685.0,,,,,,,,,,0,FLT
686,,,,,,,,,,,,0,FLVR
687,,,,,,,,,,,,1,FLX
688,688.0,,,,,,,,,,,1,FLY
689,,,,,,,,,,,,0,FND
690,,,,,,,,,,,,0,FNT
691,691.0,,,,,,,,,,,1,FONZ
692,692.0,692.0,692.0,,,,,,,,,0,FOOD
693,,,,,,,,,,,,0,FOREX
694,,,,,,,,,,,,1,FRAC
695,695.0,695.0,,,,,,,,,,0,FRAZ
696,,,,,,,,,,,,1,FRC
697,,,,,,,,,,,,1,FRD
698,698.0,,,,,,,,,,,1,FRE
699,699.0,699.0,699.0,699.0,,,,,,,,0,FRK
700,700.0,700.0,,,,,,,,,,0,FRN
701,,,,,,,,,,,,1,FRST
702,,,,,,,,,,,,1,FRWC
703,703.0,703.0,,,,,,,,,,1,FSC2
704,,,,,,,,,,,,0,FSN
705,705.0,705.0,,,,,,,,,,0,FST
706,,,,,,,,,,,,1,FTC
707,,,,,,,,,,,,0,FTP
708,,,,,,,,,,,,1,FUCK
709,709.0,,,,,,,,,,,1,FUEL
710,,,,,,,,,,,,1,FUN
711,,,,,,,,,,,,1,FUNC
712,712.0,,,,,,,,,,,1,FUTC
713,713.0,713.0,,,,,,,,,,0,FUZZ
714,714.0,,,,,,,,,,,1,FX
715,,,,,,,,,,,,0,FYN
716,,,,,,,,,,,,0,FYP
717,,,,,,,,,,,,1,GAIA
718,,,,,,,,,,,,1,GAKH
719,719.0,,,,,,,,,,,1,GAM
720,720.0,720.0,,,,,,,,,,1,GAME
721,,,,,,,,,,,,1,GAP
722,,,,,,,,,,,,1,GAS
723,723.0,723.0,723.0,723.0,723.0,723.0,723.0,723.0,723.0,,,0,GAT
724,724.0,,,,,,,,,,,1,GAY
725,,,,,,,,,,,,1,GB
726,,,,,,,,,,,,1,GBIT
727,727.0,727.0,727.0,,,,,,,,,0,GBRC
728,728.0,728.0,728.0,728.0,728.0,,,,,,,1,GBT
729,,,,,,,,,,,,1,GBX
730,,,,,,,,,,,,1,GBYTE
731,731.0,731.0,731.0,731.0,731.0,731.0,731.0,731.0,731.0,,,1,GCC
732,732.0,,,,,,,,,,,1,GCN
733,733.0,733.0,733.0,,,,,,,,,1,GCR
734,,,,,,,,,,,,1,GDC
735,,,,,,,,,,,,0,GEA
736,,,,,,,,,,,,1,GEMZ
737,,,,,,,,,,,,1,GEN
738,738.0,,,,,,,,,,,1,GEO
739,,,,,,,,,,,,1,GER
740,740.0,740.0,740.0,,,,,,,,,0,GES
741,,,,,,,,,,,,0,GFT
742,,,,,,,,,,,,1,GGS
743,,,,,,,,,,,,1,GHC
744,744.0,744.0,744.0,744.0,,,,,,,,0,GHOUL
745,,,,,,,,,,,,1,GHS
746,,,,,,,,,,,,1,GIFT
747,747.0,747.0,,,,,,,,,,1,GIG
748,748.0,,,,,,,,,,,1,GIM
749,,,,,,,,,,,,1,GIVE
750,,,,,,,,,,,,0,GIZ
751,,,,,,,,,,,,0,GJC
752,752.0,752.0,,,,,,,,,,0,GLA
753,753.0,753.0,753.0,753.0,,,,,,,,1,GLC
754,754.0,754.0,754.0,,,,,,,,,1,GLD
755,,,,,,,,,,,,1,GLOBE
756,,,,,,,,,,,,1,GLT
757,,,,,,,,,,,,1,GLX
758,,,,,,,,,,,,1,GLYPH
759,759.0,759.0,759.0,759.0,759.0,759.0,759.0,759.0,759.0,759.0,,1,GMC
760,,,,,,,,,,,,1,GML
761,,,,,,,,,,,,1,GMT
762,,,,,,,,,,,,0,GMX
763,763.0,763.0,763.0,,,,,,,,,0,GNJ
764,764.0,764.0,764.0,764.0,,,,,,,,1,GNO
765,,,,,,,,,,,,0,GNT
766,,,,,,,,,,,,1,GOAT
767,,,,,,,,,,,,1,GOLOS
768,,,,,,,,,,,,1,GOOD
769,,,,,,,,,,,,1,GOON
770,,,,,,,,,,,,1,GOT
771,,,,,,,,,,,,1,GOTX
772,,,,,,,,,,,,1,GP
773,,,,,,,,,,,,1,GPL
774,,,,,,,,,,,,1,GPU
775,775.0,,,,,,,,,,,1,GRAM
776,,,,,,,,,,,,1,GRAV
777,,,,,,,,,,,,1,GRC
778,,,,,,,,,,,,1,GRE
779,,,,,,,,,,,,0,GREXIT
780,780.0,780.0,,,,,,,,,,0,GRF
781,781.0,781.0,781.0,781.0,781.0,,,,,,,1,GRID
782,,,,,,,,,,,,0,GRID*
783,,,,,,,,,,,,1,GRM
784,,,,,,,,,,,,1,GROW
785,,,,,,,,,,,,1,GRS
786,,,,,,,,,,,,1,GRT
787,787.0,,,,,,,,,,,1,GRW
788,788.0,788.0,,,,,,,,,,1,GRWI
789,,,,,,,,,,,,1,GRX
790,790.0,790.0,,,,,,,,,,1,GSM
791,791.0,791.0,791.0,791.0,,,,,,,,0,GSX
792,,,,,,,,,,,,0,GSY
793,793.0,793.0,793.0,793.0,,,,,,,,0,GTO
794,794.0,,,,,,,,,,,1,GUE
795,,,,,,,,,,,,0,GUESS
796,796.0,796.0,796.0,796.0,796.0,,,,,,,0,GUNS
797,,,,,,,,,,,,1,GUP
798,,,,,,,,,,,,1,GVT
799,,,,,,,,,,,,1,GXC
800,,,,,,,,,,,,1,GXC*
801,,,,,,,,,,,,0,H2O
802,,,,,,,,,,,,0,HAC
803,,,,,,,,,,,,1,HAL
804,,,,,,,,,,,,1,HALLO
805,,,,,,,,,,,,1,HAMS
806,,,,,,,,,,,,1,HAZE
807,807.0,807.0,807.0,,,,,,,,,1,HBN
808,808.0,,,,,,,,,,,1,HBT
809,,,,,,,,,,,,0,HCC
810,,,,,,,,,,,,1,HDG
811,,,,,,,,,,,,0,HEAT
812,,,,,,,,,,,,1,HEDG
813,,,,,,,,,,,,1,HEEL
814,,,,,,,,,,,,1,HGT
815,815.0,815.0,,,,,,,,,,1,HILL
816,816.0,,,,,,,,,,,1,HIRE
817,,,,,,,,,,,,0,HIRE*
818,818.0,818.0,818.0,,,,,,,,,1,HKG
819,819.0,819.0,819.0,,,,,,,,,0,HKN
820,,,,,,,,,,,,1,HMP
821,821.0,,,,,,,,,,,1,HMQ
822,822.0,822.0,822.0,822.0,822.0,822.0,822.0,822.0,822.0,,,1,HNC
823,,,,,,,,,,,,0,HNC*
824,824.0,824.0,824.0,824.0,,,,,,,,0,HODL
825,825.0,825.0,825.0,,,,,,,,,1,HOLD
826,826.0,826.0,826.0,826.0,826.0,,,,,,,0,HONEY
827,,,,,,,,,,,,1,HPC
828,,,,,,,,,,,,1,HQX
829,,,,,,,,,,,,1,HRB
830,830.0,,,,,,,,,,,1,HSP
831,831.0,831.0,831.0,831.0,831.0,,,,,,,1,HSR
832,832.0,832.0,832.0,,,,,,,,,0,HST
833,,,,,,,,,,,,1,HTC
834,834.0,,,,,,,,,,,1,HTML5
835,,,,,,,,,,,,1,HUC
836,836.0,836.0,,,,,,,,,,0,HUGE
837,837.0,,,,,,,,,,,1,HUSH
838,838.0,,,,,,,,,,,1,HVC
839,839.0,839.0,839.0,839.0,,,,,,,,1,HVCO
840,840.0,840.0,,,,,,,,,,1,HVN
841,,,,,,,,,,,,0,HXT
842,842.0,,,,,,,,,,,1,HXX
843,843.0,,,,,,,,,,,1,HYP
844,,,,,,,,,,,,1,HYPER
845,,,,,,,,,,,,1,HZ
846,846.0,846.0,,,,,,,,,,1,HZT
847,847.0,847.0,,,,,,,,,,1,I0C
848,848.0,848.0,,,,,,,,,,0,IBANK
849,849.0,849.0,849.0,,,,,,,,,0,ICASH
850,850.0,850.0,850.0,,,,,,,,,1,ICB
851,,,,,,,,,,,,0,ICC
852,,,,,,,,,,,,1,ICE
853,853.0,853.0,,,,,,,,,,1,ICN
854,,,,,,,,,,,,1,ICOB
855,,,,,,,,,,,,0,ICON
856,,,,,,,,,,,,0,ICOO
857,,,,,,,,,,,,1,ICOS
858,,,,,,,,,,,,0,ICX
859,,,,,,,,,,,,1,IEC
860,860.0,,,,,,,,,,,1,IFC
861,,,,,,,,,,,,1,IFLT
862,862.0,862.0,862.0,862.0,,,,,,,,0,IFT
863,863.0,863.0,,,,,,,,,,1,IGNIS
864,,,,,,,,,,,,1,ILC
865,,,,,,,,,,,,0,ILCT
866,,,,,,,,,,,,1,IML
867,867.0,867.0,867.0,,,,,,,,,0,IMPCH
868,868.0,868.0,868.0,,,,,,,,,1,IMPS
869,869.0,,,,,,,,,,,1,IMS
870,,,,,,,,,,,,1,IMX
871,871.0,871.0,,,,,,,,,,1,IN
872,,,,,,,,,,,,1,INC
873,,,,,,,,,,,,0,INCNT
874,,,,,,,,,,,,0,INCP
875,,,,,,,,,,,,1,IND
876,,,,,,,,,,,,1,INDI
877,,,,,,,,,,,,0,INF8
878,,,,,,,,,,,,1,INFX
879,879.0,879.0,,,,,,,,,,1,INN
880,880.0,,,,,,,,,,,1,INPAY
881,,,,,,,,,,,,0,INS
882,,,,,,,,,,,,1,INSANE
883,,,,,,,,,,,,1,INSN
884,,,,,,,,,,,,1,INV
885,,,,,,,,,,,,1,INXT
886,886.0,,,,,,,,,,,1,IOC
887,887.0,887.0,887.0,887.0,,,,,,,,1,ION
888,888.0,888.0,888.0,888.0,888.0,,,,,,,0,IOP
889,,,,,,,,,,,,1,IOT
890,890.0,,,,,,,,,,,1,IOU
891,891.0,891.0,891.0,,,,,,,,,0,IPC
892,,,,,,,,,,,,1,ISL
893,,,,,,,,,,,,0,ITNS
894,,,,,,,,,,,,1,ITT
895,,,,,,,,,,,,1,IVZ
896,,,,,,,,,,,,1,IW
897,897.0,,,,,,,,,,,1,IWT
898,,,,,,,,,,,,1,IXC
899,899.0,899.0,899.0,,,,,,,,,0,IXT
900,900.0,900.0,900.0,900.0,,,,,,,,0,J
901,,,,,,,,,,,,1,JANE
902,,,,,,,,,,,,1,JBS
903,,,,,,,,,,,,0,JCR
904,,,,,,,,,,,,0,JDC
905,905.0,905.0,,,,,,,,,,0,JIF
906,906.0,,,,,,,,,,,1,JIO
907,907.0,907.0,907.0,,,,,,,,,1,JKC
908,908.0,,,,,,,,,,,1,JNS
909,909.0,909.0,909.0,,,,,,,,,1,JNT
910,,,,,,,,,,,,1,JOBS
911,911.0,911.0,,,,,,,,,,1,JOK
912,,,,,,,,,,,,0,JPC
913,913.0,913.0,,,,,,,,,,1,JPC*
914,914.0,914.0,914.0,,,,,,,,,1,JUDGE
915,915.0,915.0,915.0,,,,,,,,,0,JVY
916,916.0,,,,,,,,,,,1,JWL
917,917.0,917.0,,,,,,,,,,0,KAPU
918,918.0,,,,,,,,,,,1,KARM
919,919.0,,,,,,,,,,,1,KAT
920,920.0,920.0,,,,,,,,,,1,KAYI
921,,,,,,,,,,,,0,KC
922,922.0,922.0,922.0,,,,,,,,,0,KCN
923,923.0,,,,,,,,,,,1,KCS
924,924.0,924.0,,,,,,,,,,1,KDC
925,925.0,925.0,925.0,,,,,,,,,0,KED
926,,,,,,,,,,,,1,KEK
927,927.0,927.0,,,,,,,,,,0,KEX
928,,,,,,,,,,,,1,KEY
929,,,,,,,,,,,,0,KEY*
930,930.0,,,,,,,,,,,1,KGC
931,,,,,,,,,,,,1,KICK
932,932.0,932.0,,,,,,,,,,1,KIN
933,933.0,933.0,,,,,,,,,,1,KING
934,,,,,,,,,,,,1,KLC
935,,,,,,,,,,,,0,KLK
936,936.0,936.0,936.0,,,,,,,,,1,KMD
937,937.0,937.0,937.0,937.0,,,,,,,,0,KNC
938,938.0,938.0,938.0,938.0,938.0,938.0,938.0,938.0,938.0,,,1,KNC*
939,939.0,939.0,,,,,,,,,,0,KNC**
940,940.0,,,,,,,,,,,1,KOBO
941,,,,,,,,,,,,1,KOLION
942,942.0,942.0,942.0,942.0,942.0,942.0,942.0,942.0,942.0,942.0,942.0,1,KORE
943,943.0,943.0,943.0,,,,,,,,,0,KR
944,944.0,944.0,944.0,,,,,,,,,0,KRAK
945,,,,,,,,,,,,1,KRB
946,,,,,,,,,,,,0,KRC
947,,,,,,,,,,,,0,KRONE
948,948.0,948.0,948.0,,,,,,,,,1,KTK
949,,,,,,,,,,,,0,KUBO
950,,,,,,,,,,,,0,KURT
951,951.0,951.0,,,,,,,,,,1,KUSH
952,952.0,952.0,952.0,952.0,952.0,,,,,,,0,LA
953,,,,,,,,,,,,1,LAB
954,954.0,954.0,954.0,954.0,954.0,954.0,,,,,,0,LAB*
955,955.0,955.0,955.0,955.0,955.0,955.0,955.0,955.0,955.0,955.0,,1,LANA
956,956.0,956.0,,,,,,,,,,1,LAT
957,957.0,957.0,,,,,,,,,,1,LAZ
958,958.0,958.0,,,,,,,,,,1,LBC
959,959.0,959.0,,,,,,,,,,1,LBTC
960,960.0,960.0,960.0,,,,,,,,,1,LC
961,961.0,961.0,961.0,,,,,,,,,0,LCASH
962,,,,,,,,,,,,1,LDM
963,,,,,,,,,,,,1,LDOGE
964,964.0,964.0,,,,,,,,,,1,LEA
965,965.0,965.0,965.0,,,,,,,,,0,LEMON
966,,,,,,,,,,,,1,LEND
967,,,,,,,,,,,,1,LENIN
968,968.0,968.0,,,,,,,,,,1,LEO
969,,,,,,,,,,,,0,LEPEN
970,970.0,970.0,,,,,,,,,,1,LEV
971,971.0,971.0,,,,,,,,,,1,LFC
972,,,,,,,,,,,,1,LGBTQ
973,,,,,,,,,,,,1,LGD
974,974.0,974.0,,,,,,,,,,0,LGD*
975,,,,,,,,,,,,1,LIFE
976,,,,,,,,,,,,1,LIMX
977,977.0,977.0,977.0,977.0,977.0,977.0,977.0,977.0,977.0,977.0,977.0,1,LINDA
978,978.0,978.0,,,,,,,,,,1,LINK
979,,,,,,,,,,,,1,LINX
980,,,,,,,,,,,,0,LIR
981,,,,,,,,,,,,1,LIV
982,,,,,,,,,,,,1,LK7
983,983.0,983.0,983.0,983.0,983.0,,,,,,,1,LKK
984,984.0,,,,,,,,,,,1,LKY
985,,,,,,,,,,,,1,LMC
986,,,,,,,,,,,,1,LNK
987,987.0,987.0,,,,,,,,,,0,LOAN*
988,,,,,,,,,,,,1,LOC
989,,,,,,,,,,,,0,LOC*
990,990.0,990.0,990.0,990.0,990.0,,,,,,,0,LOCI
991,,,,,,,,,,,,1,LOG
992,,,,,,,,,,,,1,LOOK
993,,,,,,,,,,,,1,LQD
994,,,,,,,,,,,,0,LRC
995,,,,,,,,,,,,1,LSD
996,,,,,,,,,,,,1,LSK
997,,,,,,,,,,,,0,LTA
998,,,,,,,,,,,,1,LTB
999,999.0,999.0,,,,,,,,,,1,LTBC
1000,,,,,,,,,,,,0,LTC
1001,1001.0,,,,,,,,,,,1,LTCD
1002,1002.0,1002.0,,,,,,,,,,0,LTCR
1003,,,,,,,,,,,,1,LTCU
1004,,,,,,,,,,,,1,LTCX
1005,,,,,,,,,,,,1,LTD
1006,,,,,,,,,,,,1,LTG
1007,,,,,,,,,,,,1,LTH
1008,1008.0,,,,,,,,,,,1,LTS
1009,,,,,,,,,,,,1,LUCKY
1010,,,,,,,,,,,,1,LUN
1011,1011.0,,,,,,,,,,,1,LUX
1012,,,,,,,,,,,,1,LUX*
1013,1013.0,1013.0,,,,,,,,,,0,LUX**
1014,,,,,,,,,,,,1,LVG
1015,,,,,,,,,,,,1,LXC
1016,,,,,,,,,,,,1,LYB
1017,1017.0,1017.0,,,,,,,,,,0,LYC
1018,1018.0,1018.0,,,,,,,,,,0,M1
1019,1019.0,1019.0,1019.0,,,,,,,,,1,MAC
1020,,,,,,,,,,,,1,MAD
1021,,,,,,,,,,,,0,MAG
1022,1022.0,1022.0,1022.0,1022.0,1022.0,,,,,,,0,MAG*
1023,1023.0,,,,,,,,,,,1,MAID
1024,1024.0,1024.0,1024.0,1024.0,,,,,,,,0,MAN
1025,,,,,,,,,,,,1,MANA
1026,,,,,,,,,,,,1,MAPC
1027,1027.0,1027.0,1027.0,,,,,,,,,0,MAR
1028,,,,,,,,,,,,1,MARS
1029,1029.0,1029.0,,,,,,,,,,0,MARV
1030,,,,,,,,,,,,1,MARX
1031,1031.0,1031.0,1031.0,,,,,,,,,0,MARYJ
1032,,,,,,,,,,,,0,MASS
1033,1033.0,1033.0,1033.0,1033.0,,,,,,,,0,MAT
1034,1034.0,1034.0,1034.0,,,,,,,,,1,MAT*
1035,,,,,,,,,,,,1,MAX
1036,,,,,,,,,,,,1,MAY
1037,1037.0,1037.0,1037.0,,,,,,,,,0,MBI
1038,1038.0,1038.0,1038.0,,,,,,,,,0,MBIT
1039,,,,,,,,,,,,1,MBRS
1040,1040.0,1040.0,1040.0,1040.0,1040.0,,,,,,,0,MBT
1041,,,,,,,,,,,,0,MC
1042,,,,,,,,,,,,1,MCAP
1043,1043.0,1043.0,1043.0,1043.0,1043.0,1043.0,,,,,,1,MCAR
1044,1044.0,1044.0,,,,,,,,,,1,MCI
1045,1045.0,1045.0,1045.0,1045.0,1045.0,1045.0,1045.0,1045.0,1045.0,1045.0,,1,MCN
1046,,,,,,,,,,,,1,MCO
1047,1047.0,,,,,,,,,,,1,MCRN
1048,,,,,,,,,,,,1,MDA
1049,,,,,,,,,,,,1,MDC
1050,,,,,,,,,,,,0,MDC*
1051,,,,,,,,,,,,0,MDL
1052,1052.0,,,,,,,,,,,1,MDT
1053,1053.0,1053.0,,,,,,,,,,0,MEC
1054,,,,,,,,,,,,1,MED
1055,1055.0,1055.0,,,,,,,,,,0,MED*
1056,1056.0,1056.0,1056.0,,,,,,,,,0,MEDI
1057,,,,,,,,,,,,1,MEGA
1058,1058.0,1058.0,,,,,,,,,,0,MEME
1059,1059.0,,,,,,,,,,,1,MEOW
1060,,,,,,,,,,,,0,MER
1061,1061.0,1061.0,,,,,,,,,,0,MET
1062,1062.0,1062.0,,,,,,,,,,0,METAL
1063,,,,,,,,,,,,1,MG
1064,,,,,,,,,,,,1,MGO
1065,,,,,,,,,,,,1,MI
1066,,,,,,,,,,,,1,MIL
1067,1067.0,,,,,,,,,,,1,MILO
1068,1068.0,1068.0,1068.0,,,,,,,,,0,MIN
1069,,,,,,,,,,,,1,MINE
1070,,,,,,,,,,,,1,MINEX
1071,1071.0,1071.0,1071.0,,,,,,,,,0,MINT
1072,1072.0,1072.0,1072.0,,,,,,,,,0,MIS
1073,1073.0,1073.0,1073.0,,,,,,,,,0,MIV
1074,1074.0,,,,,,,,,,,1,MKR
1075,1075.0,1075.0,,,,,,,,,,0,MLITE
1076,,,,,,,,,,,,1,MLN
1077,,,,,,,,,,,,0,MLS
1078,1078.0,1078.0,1078.0,1078.0,,,,,,,,0,MM
1079,1079.0,1079.0,,,,,,,,,,0,MMC
1080,,,,,,,,,,,,1,MMNXT
1081,1081.0,,,,,,,,,,,1,MMXIV
1082,1082.0,1082.0,1082.0,,,,,,,,,1,MMXVI
1083,1083.0,1083.0,,,,,,,,,,1,MN
1084,1084.0,1084.0,1084.0,1084.0,1084.0,,,,,,,1,MNC
1085,1085.0,1085.0,1085.0,,,,,,,,,0,MND
1086,,,,,,,,,,,,1,MNE
1087,1087.0,1087.0,1087.0,,,,,,,,,0,MNM
1088,1088.0,1088.0,1088.0,,,,,,,,,0,MNT
1089,,,,,,,,,,,,0,MNT*
1090,1090.0,1090.0,1090.0,,,,,,,,,1,MNX
1091,,,,,,,,,,,,0,MNY
1092,1092.0,1092.0,1092.0,,,,,,,,,0,MNZ
1093,,,,,,,,,,,,0,MOBI
1094,1094.0,,,,,,,,,,,1,MOD
1095,1095.0,,,,,,,,,,,1,MOIN
1096,1096.0,1096.0,1096.0,,,,,,,,,1,MOJO
1097,,,,,,,,,,,,1,MONA
1098,1098.0,1098.0,,,,,,,,,,0,MONETA
1099,1099.0,1099.0,1099.0,1099.0,,,,,,,,0,MONEY
1100,,,,,,,,,,,,1,MOON
1101,,,,,,,,,,,,1,MOOND
1102,1102.0,,,,,,,,,,,1,MOTO
1103,,,,,,,,,,,,1,MPRO
1104,,,,,,,,,,,,1,MRP
1105,,,,,,,,,,,,1,MRS
1106,1106.0,1106.0,,,,,,,,,,0,MRSA
1107,,,,,,,,,,,,1,MRT
1108,,,,,,,,,,,,1,MRV
1109,,,,,,,,,,,,0,MRY
1110,1110.0,1110.0,1110.0,,,,,,,,,0,MSC
1111,,,,,,,,,,,,1,MSP
1112,,,,,,,,,,,,0,MSR
1113,,,,,,,,,,,,1,MST
1114,,,,,,,,,,,,1,MT
1115,1115.0,1115.0,,,,,,,,,,0,MTH
1116,,,,,,,,,,,,0,MTK
1117,1117.0,1117.0,1117.0,1117.0,,,,,,,,0,MTL
1118,,,,,,,,,,,,0,MTLM3
1119,1119.0,1119.0,1119.0,,,,,,,,,0,MTN
1120,,,,,,,,,,,,1,MTR
1121,1121.0,1121.0,1121.0,1121.0,,,,,,,,0,MTRC
1122,1122.0,,,,,,,,,,,1,MTX
1123,,,,,,,,,,,,0,MUDRA
1124,1124.0,1124.0,1124.0,,,,,,,,,1,MUE
1125,1125.0,1125.0,,,,,,,,,,0,MUSIC
1126,1126.0,1126.0,1126.0,1126.0,,,,,,,,0,MUT
1127,1127.0,1127.0,1127.0,,,,,,,,,0,MUU
1128,,,,,,,,,,,,0,MWC
1129,,,,,,,,,,,,1,MXT
1130,1130.0,1130.0,1130.0,1130.0,,,,,,,,0,MYB
1131,1131.0,1131.0,1131.0,,,,,,,,,1,MYC
1132,,,,,,,,,,,,1,MYST
1133,,,,,,,,,,,,1,MYST*
1134,1134.0,,,,,,,,,,,1,MZC
1135,1135.0,1135.0,,,,,,,,,,1,N7
1136,,,,,,,,,,,,0,NAMO
1137,,,,,,,,,,,,1,NAN
1138,,,,,,,,,,,,1,NANAS
1139,,,,,,,,,,,,1,NAS2
1140,,,,,,,,,,,,0,NAUT
1141,,,,,,,,,,,,0,NAV
1142,,,,,,,,,,,,0,NBIT
1143,1143.0,1143.0,1143.0,,,,,,,,,0,NBL
1144,1144.0,1144.0,1144.0,,,,,,,,,0,NBT
1145,1145.0,1145.0,1145.0,1145.0,1145.0,1145.0,1145.0,1145.0,1145.0,,,0,NDC
1146,1146.0,1146.0,,,,,,,,,,0,NDOGE
1147,1147.0,,,,,,,,,,,1,NEBL
1148,1148.0,1148.0,1148.0,,,,,,,,,0,NEBU
1149,1149.0,1149.0,,,,,,,,,,0,NEC
1150,1150.0,,,,,,,,,,,1,NEF
1151,1151.0,1151.0,,,,,,,,,,1,NEO
1152,1152.0,1152.0,1152.0,1152.0,1152.0,1152.0,1152.0,1152.0,1152.0,1152.0,,1,NEOG
1153,,,,,,,,,,,,1,NEOS
1154,,,,,,,,,,,,0,NET
1155,,,,,,,,,,,,0,NET*
1156,1156.0,1156.0,1156.0,,,,,,,,,1,NETC
1157,,,,,,,,,,,,1,NETKO
1158,1158.0,1158.0,1158.0,1158.0,,,,,,,,1,NEU
1159,1159.0,1159.0,1159.0,1159.0,1159.0,1159.0,1159.0,1159.0,1159.0,1159.0,1159.0,0,NEU*
1160,1160.0,1160.0,1160.0,1160.0,,,,,,,,1,NEVA
1161,,,,,,,,,,,,1,NEWB
1162,1162.0,,,,,,,,,,,1,NGC
1163,,,,,,,,,,,,0,NIC
1164,,,,,,,,,,,,0,NICE
1165,1165.0,1165.0,1165.0,,,,,,,,,0,NIMFA
1166,,,,,,,,,,,,1,NIO
1167,,,,,,,,,,,,1,NKA
1168,,,,,,,,,,,,1,NKC
1169,,,,,,,,,,,,1,NKT
1170,,,,,,,,,,,,1,NLC
1171,,,,,,,,,,,,0,NLC2
1172,1172.0,1172.0,,,,,,,,,,1,NLG
1173,,,,,,,,,,,,0,NMB
1174,1174.0,1174.0,,,,,,,,,,1,NMC
1175,,,,,,,,,,,,1,NMR
1176,,,,,,,,,,,,1,NOBL
1177,,,,,,,,,,,,1,NODE
1178,,,,,,,,,,,,1,NOO
1179,,,,,,,,,,,,1,NOTE
1180,1180.0,1180.0,1180.0,1180.0,,,,,,,,0,NPC
1181,,,,,,,,,,,,0,NPX
1182,,,,,,,,,,,,1,NRB
1183,1183.0,1183.0,,,,,,,,,,1,NRC
1184,1184.0,1184.0,1184.0,,,,,,,,,0,NRN
1185,1185.0,1185.0,,,,,,,,,,0,NRO
1186,1186.0,,,,,,,,,,,1,NRS
1187,1187.0,1187.0,,,,,,,,,,1,NSR
1188,,,,,,,,,,,,1,NTC
1189,,,,,,,,,,,,1,NTCC
1190,,,,,,,,,,,,0,NTK
1191,,,,,,,,,,,,1,NTM
1192,,,,,,,,,,,,1,NTO
1193,,,,,,,,,,,,1,NTRN
1194,,,,,,,,,,,,0,NUBIS
1195,,,,,,,,,,,,1,NUKE
1196,,,,,,,,,,,,1,NULS
1197,1197.0,,,,,,,,,,,1,NUM
1198,1198.0,1198.0,,,,,,,,,,1,NVC
1199,1199.0,1199.0,1199.0,,,,,,,,,0,NVST
1200,1200.0,1200.0,1200.0,1200.0,,,,,,,,0,NXC
1201,1201.0,,,,,,,,,,,1,NXE
1202,1202.0,,,,,,,,,,,1,NXS
1203,1203.0,,,,,,,,,,,1,NXT
1204,,,,,,,,,,,,1,NXTI
1205,,,,,,,,,,,,1,NXTTY
1206,1206.0,,,,,,,,,,,1,NYAN
1207,1207.0,1207.0,1207.0,1207.0,1207.0,,,,,,,1,NYC
1208,,,,,,,,,,,,1,NZC
1209,,,,,,,,,,,,1,OAX
1210,1210.0,1210.0,1210.0,,,,,,,,,0,OBITS
1211,,,,,,,,,,,,1,OBS
1212,,,,,,,,,,,,1,OC
1213,,,,,,,,,,,,1,OCL
1214,,,,,,,,,,,,0,OCTO
1215,1215.0,1215.0,1215.0,,,,,,,,,0,ODMC
1216,1216.0,1216.0,,,,,,,,,,1,ODN
1217,1217.0,1217.0,,,,,,,,,,0,ODNT
1218,,,,,,,,,,,,1,OK
1219,1219.0,1219.0,,,,,,,,,,0,OLDSF
1220,,,,,,,,,,,,0,OLV
1221,1221.0,,,,,,,,,,,1,OLYMP
1222,,,,,,,,,,,,1,OMA
1223,,,,,,,,,,,,1,OMC
1224,,,,,,,,,,,,1,OMG
1225,1225.0,1225.0,,,,,,,,,,0,OMNI
1226,1226.0,1226.0,,,,,,,,,,1,ONG
1227,,,,,,,,,,,,1,ONION
1228,,,,,,,,,,,,1,ONX
1229,,,,,,,,,,,,0,OPAL
1230,1230.0,,,,,,,,,,,1,OPES
1231,1231.0,1231.0,,,,,,,,,,0,OPP
1232,,,,,,,,,,,,1,OPT
1233,1233.0,1233.0,,,,,,,,,,1,OPTION
1234,1234.0,1234.0,1234.0,1234.0,1234.0,,,,,,,1,ORB
1235,1235.0,,,,,,,,,,,1,ORLY
1236,1236.0,,,,,,,,,,,1,ORME
1237,1237.0,1237.0,1237.0,,,,,,,,,1,ORO
1238,1238.0,1238.0,1238.0,,,,,,,,,0,OROC
1239,1239.0,1239.0,,,,,,,,,,0,OS76
1240,,,,,,,,,,,,0,OSC
1241,1241.0,1241.0,1241.0,,,,,,,,,0,OST
1242,,,,,,,,,,,,1,OTN
1243,1243.0,1243.0,,,,,,,,,,1,OTX
1244,,,,,,,,,,,,1,OXY
1245,,,,,,,,,,,,1,PAC
1246,1246.0,1246.0,1246.0,1246.0,,,,,,,,0,PAK
1247,,,,,,,,,,,,1,PARA
1248,1248.0,1248.0,,,,,,,,,,1,PART
1249,,,,,,,,,,,,1,PASC
1250,,,,,,,,,,,,1,PASL
1251,,,,,,,,,,,,1,PAY
1252,1252.0,,,,,,,,,,,1,PAYP
1253,1253.0,1253.0,1253.0,1253.0,,,,,,,,0,PBC
1254,1254.0,1254.0,1254.0,,,,,,,,,1,PBL
1255,,,,,,,,,,,,1,PBT
1256,1256.0,1256.0,1256.0,1256.0,,,,,,,,0,PCM
1257,1257.0,1257.0,1257.0,,,,,,,,,0,PCN
1258,1258.0,1258.0,,,,,,,,,,0,PCS
1259,,,,,,,,,,,,1,PDC
1260,,,,,,,,,,,,0,PEC
1261,1261.0,,,,,,,,,,,1,PEN
1262,,,,,,,,,,,,1,PEPECASH
1263,1263.0,1263.0,,,,,,,,,,1,PEX
1264,1264.0,1264.0,1264.0,,,,,,,,,1,PFR
1265,1265.0,,,,,,,,,,,1,PGL
1266,1266.0,,,,,,,,,,,1,PHR
1267,1267.0,1267.0,1267.0,,,,,,,,,0,PHR*
1268,1268.0,1268.0,,,,,,,,,,0,PHS
1269,1269.0,1269.0,,,,,,,,,,1,PIE
1270,,,,,,,,,,,,1,PIGGY
1271,,,,,,,,,,,,1,PING
1272,1272.0,1272.0,1272.0,,,,,,,,,1,PINK
1273,1273.0,1273.0,,,,,,,,,,1,PINKX
1274,,,,,,,,,,,,1,PIO
1275,,,,,,,,,,,,0,PIRL
1276,1276.0,1276.0,,,,,,,,,,1,PIVX
1277,,,,,,,,,,,,1,PIX
1278,1278.0,1278.0,1278.0,,,,,,,,,1,PIZZA
1279,,,,,,,,,,,,1,PKB
1280,,,,,,,,,,,,1,PKT
1281,,,,,,,,,,,,0,PLANET
1282,1282.0,1282.0,,,,,,,,,,1,PLAY
1283,1283.0,1283.0,,,,,,,,,,1,PLBT
1284,1284.0,1284.0,,,,,,,,,,0,PLM
1285,1285.0,1285.0,,,,,,,,,,0,PLNC
1286,,,,,,,,,,,,0,PLR
1287,,,,,,,,,,,,1,PLU
1288,1288.0,,,,,,,,,,,1,PLX
1289,1289.0,1289.0,,,,,,,,,,1,PNC
1290,,,,,,,,,,,,1,PND
1291,,,,,,,,,,,,1,PNK
1292,1292.0,1292.0,1292.0,,,,,,,,,0,POE
1293,1293.0,1293.0,1293.0,1293.0,1293.0,,,,,,,0,POINTS
1294,,,,,,,,,,,,0,POLL
1295,1295.0,1295.0,1295.0,1295.0,1295.0,1295.0,1295.0,1295.0,1295.0,,,1,POLY
1296,,,,,,,,,,,,1,POS
1297,1297.0,1297.0,,,,,,,,,,1,POST
1298,,,,,,,,,,,,1,POSW
1299,1299.0,1299.0,,,,,,,,,,0,POT
1300,,,,,,,,,,,,1,POWR
1301,1301.0,1301.0,1301.0,,,,,,,,,1,PPC
1302,1302.0,1302.0,1302.0,1302.0,,,,,,,,1,PPP
1303,1303.0,1303.0,1303.0,,,,,,,,,0,PPT
1304,1304.0,,,,,,,,,,,1,PPY
1305,1305.0,1305.0,,,,,,,,,,1,PQT
1306,,,,,,,,,,,,1,PRC
1307,1307.0,1307.0,1307.0,,,,,,,,,1,PRE
1308,1308.0,1308.0,1308.0,1308.0,1308.0,1308.0,1308.0,1308.0,1308.0,,,0,PRE*
1309,,,,,,,,,,,,1,PRES
1310,1310.0,1310.0,,,,,,,,,,1,PRG
1311,1311.0,,,,,,,,,,,1,PRIME
1312,,,,,,,,,,,,0,PRIX
1313,,,,,,,,,,,,1,PRL
1314,,,,,,,,,,,,1,PRM
1315,,,,,,,,,,,,0,PRO
1316,1316.0,,,,,,,,,,,1,PROC
1317,,,,,,,,,,,,0,PRP
1318,,,,,,,,,,,,0,PRX
1319,1319.0,1319.0,1319.0,1319.0,1319.0,1319.0,1319.0,1319.0,1319.0,,,1,PSB
1320,,,,,,,,,,,,0,PSEUD
1321,1321.0,,,,,,,,,,,1,PSI
1322,1322.0,1322.0,1322.0,1322.0,,,,,,,,0,PST
1323,1323.0,1323.0,,,,,,,,,,1,PSY
1324,,,,,,,,,,,,1,PTA
1325,1325.0,,,,,,,,,,,1,PTC
1326,1326.0,1326.0,,,,,,,,,,0,PTC*
1327,1327.0,1327.0,,,,,,,,,,1,PTOY
1328,1328.0,1328.0,,,,,,,,,,0,PTS*
1329,1329.0,,,,,,,,,,,1,PULSE
1330,1330.0,,,,,,,,,,,1,PUPA
1331,1331.0,1331.0,,,,,,,,,,1,PURA
1332,1332.0,1332.0,1332.0,,,,,,,,,0,PURE
1333,,,,,,,,,,,,1,PUT
1334,,,,,,,,,,,,1,PWR
1335,1335.0,1335.0,1335.0,,,,,,,,,0,PX
1336,1336.0,1336.0,1336.0,1336.0,,,,,,,,1,PXC
1337,,,,,,,,,,,,1,PXI
1338,,,,,,,,,,,,1,PXL
1339,,,,,,,,,,,,0,PYC
1340,1340.0,1340.0,,,,,,,,,,0,PYN
1341,1341.0,1341.0,1341.0,1341.0,,,,,,,,0,PYP
1342,1342.0,1342.0,1342.0,1342.0,1342.0,,,,,,,0,PZM
1343,,,,,,,,,,,,1,QASH
1344,1344.0,1344.0,,,,,,,,,,1,QAU
1345,,,,,,,,,,,,0,QBC
1346,1346.0,,,,,,,,,,,1,QBK
1347,,,,,,,,,,,,0,QBT
1348,,,,,,,,,,,,1,QCN
1349,1349.0,,,,,,,,,,,1,QORA
1350,1350.0,1350.0,1350.0,1350.0,1350.0,,,,,,,1,QRK
1351,,,,,,,,,,,,1,QRL
1352,1352.0,1352.0,1352.0,,,,,,,,,0,QSLV
1353,1353.0,1353.0,1353.0,,,,,,,,,1,QSP
1354,1354.0,1354.0,1354.0,,,,,,,,,0,QTL
1355,1355.0,1355.0,1355.0,1355.0,,,,,,,,1,QTUM
1356,1356.0,,,,,,,,,,,1,QTZ
1357,1357.0,1357.0,,,,,,,,,,1,QVT
1358,,,,,,,,,,,,1,QWARK
1359,1359.0,,,,,,,,,,,1,R
1360,1360.0,1360.0,,,,,,,,,,0,RADI
1361,,,,,,,,,,,,1,RADS
1362,1362.0,,,,,,,,,,,1,RAIN
1363,,,,,,,,,,,,1,RATIO
1364,1364.0,,,,,,,,,,,1,RBIES
1365,,,,,,,,,,,,1,RBIT
1366,,,,,,,,,,,,1,RBR
1367,1367.0,,,,,,,,,,,1,RBT
1368,1368.0,1368.0,1368.0,,,,,,,,,0,RBTC
1369,1369.0,1369.0,,,,,,,,,,1,RBX
1370,,,,,,,,,,,,1,RBY
1371,,,,,,,,,,,,1,RC
1372,,,,,,,,,,,,0,RCC
1373,1373.0,1373.0,1373.0,1373.0,,,,,,,,1,RCN
1374,,,,,,,,,,,,1,RCN*
1375,1375.0,1375.0,,,,,,,,,,1,RCX
1376,1376.0,,,,,,,,,,,1,RDD
1377,,,,,,,,,,,,1,RDN
1378,,,,,,,,,,,,0,RDN*
1379,,,,,,,,,,,,1,REA
1380,,,,,,,,,,,,1,REAL
1381,1381.0,1381.0,1381.0,1381.0,,,,,,,,0,REBL
1382,,,,,,,,,,,,1,REC
1383,,,,,,,,,,,,1,RED
1384,1384.0,1384.0,1384.0,,,,,,,,,1,REE
1385,,,,,,,,,,,,0,REP
1386,,,,,,,,,,,,0,REQ
1387,,,,,,,,,,,,0,REV
1388,,,,,,,,,,,,0,REX
1389,,,,,,,,,,,,0,RFL
1390,,,,,,,,,,,,1,RGC
1391,,,,,,,,,,,,0,RHEA
1392,1392.0,,,,,,,,,,,1,RHOC
1393,1393.0,,,,,,,,,,,1,RIC
1394,,,,,,,,,,,,1,RICE
1395,,,,,,,,,,,,1,RIDE
1396,,,,,,,,,,,,1,RING
1397,1397.0,1397.0,1397.0,1397.0,1397.0,,,,,,,0,RIPO
1398,1398.0,1398.0,,,,,,,,,,0,RIPT
1399,,,,,,,,,,,,1,RISE
1400,1400.0,1400.0,,,,,,,,,,0,RIYA
1401,,,,,,,,,,,,0,RKC
1402,,,,,,,,,,,,1,RLC
1403,,,,,,,,,,,,0,RLX
1404,,,,,,,,,,,,1,RMS
1405,,,,,,,,,,,,1,RNC
1406,1406.0,1406.0,,,,,,,,,,0,RNDR
1407,1407.0,1407.0,1407.0,,,,,,,,,0,RNS
1408,1408.0,1408.0,1408.0,1408.0,,,,,,,,0,ROCK
1409,1409.0,1409.0,1409.0,1409.0,,,,,,,,0,ROCK*
1410,,,,,,,,,,,,0,ROK
1411,,,,,,,,,,,,1,ROOT
1412,1412.0,1412.0,,,,,,,,,,1,ROOTS
1413,1413.0,1413.0,1413.0,1413.0,1413.0,,,,,,,0,ROS
1414,,,,,,,,,,,,0,ROUND
1415,1415.0,1415.0,,,,,,,,,,1,ROYAL
1416,,,,,,,,,,,,0,RPC
1417,,,,,,,,,,,,1,RPX
1418,,,,,,,,,,,,1,RRT
1419,1419.0,1419.0,,,,,,,,,,1,RT2
1420,,,,,,,,,,,,0,RUBIT
1421,,,,,,,,,,,,1,RUP
1422,,,,,,,,,,,,1,RUPX
1423,1423.0,1423.0,1423.0,1423.0,,,,,,,,1,RUST
1424,,,,,,,,,,,,0,RUSTBITS
1425,1425.0,1425.0,1425.0,1425.0,1425.0,1425.0,1425.0,1425.0,1425.0,,,0,RVT
1426,1426.0,,,,,,,,,,,1,RYC
1427,,,,,,,,,,,,0,RYCN
1428,1428.0,1428.0,1428.0,1428.0,,,,,,,,1,RYZ
1429,,,,,,,,,,,,0,RZR
1430,,,,,,,,,,,,1,S8C
1431,1431.0,1431.0,,,,,,,,,,1,SAFEX
1432,1432.0,,,,,,,,,,,1,SAK
1433,1433.0,1433.0,1433.0,,,,,,,,,0,SALT
1434,,,,,,,,,,,,1,SAN
1435,,,,,,,,,,,,1,SAND
1436,1436.0,1436.0,1436.0,1436.0,1436.0,1436.0,1436.0,1436.0,1436.0,,,1,SANDG
1437,1437.0,,,,,,,,,,,1,SAR
1438,1438.0,1438.0,,,,,,,,,,0,SAT2
1439,,,,,,,,,,,,0,SBC
1440,1440.0,1440.0,,,,,,,,,,0,SBD
1441,,,,,,,,,,,,1,SBTC
1442,,,,,,,,,,,,1,SC
1443,1443.0,1443.0,1443.0,1443.0,1443.0,,,,,,,1,SCASH
1444,1444.0,1444.0,,,,,,,,,,1,SCL
1445,1445.0,,,,,,,,,,,1,SCN
1446,,,,,,,,,,,,0,SCOR
1447,1447.0,1447.0,,,,,,,,,,1,SCORE
1448,1448.0,,,,,,,,,,,1,SCOT
1449,1449.0,1449.0,,,,,,,,,,0,SCR
1450,1450.0,,,,,,,,,,,1,SCRPT
1451,1451.0,1451.0,1451.0,,,,,,,,,0,SCRT
1452,,,,,,,,,,,,0,SCT
1453,1453.0,1453.0,1453.0,,,,,,,,,0,SCT*
1454,1454.0,1454.0,,,,,,,,,,1,SDAO
1455,1455.0,1455.0,,,,,,,,,,0,SDC
1456,1456.0,1456.0,,,,,,,,,,0,SDP
1457,1457.0,1457.0,1457.0,,,,,,,,,0,SEEDS
1458,1458.0,,,,,,,,,,,1,SEL
1459,,,,,,,,,,,,1,SEN
1460,,,,,,,,,,,,1,SEND
1461,1461.0,1461.0,,,,,,,,,,0,SENSE
1462,1462.0,1462.0,1462.0,1462.0,1462.0,1462.0,1462.0,1462.0,1462.0,1462.0,,0,SEQ
1463,1463.0,1463.0,1463.0,,,,,,,,,0,SETH
1464,1464.0,1464.0,,,,,,,,,,0,SFC
1465,,,,,,,,,,,,1,SFE
1466,1466.0,1466.0,1466.0,,,,,,,,,0,SFR
1467,1467.0,,,,,,,,,,,1,SH
1468,1468.0,,,,,,,,,,,1,SHADE
1469,,,,,,,,,,,,1,SHIFT
1470,1470.0,,,,,,,,,,,1,SHLD
1471,,,,,,,,,,,,1,SHORTY
1472,1472.0,1472.0,1472.0,1472.0,1472.0,1472.0,1472.0,1472.0,1472.0,,,0,SHP
1473,1473.0,1473.0,1473.0,,,,,,,,,0,SHREK
1474,,,,,,,,,,,,0,SIB
1475,1475.0,,,,,,,,,,,1,SIFT
1476,1476.0,1476.0,,,,,,,,,,1,SIGT
1477,1477.0,,,,,,,,,,,1,SIGU
1478,1478.0,,,,,,,,,,,1,SILK
1479,1479.0,1479.0,1479.0,1479.0,1479.0,1479.0,,,,,,0,SJCX
1480,1480.0,1480.0,,,,,,,,,,0,SKB
1481,,,,,,,,,,,,1,SKIN
1482,,,,,,,,,,,,1,SKR
1483,1483.0,1483.0,,,,,,,,,,0,SKR*
1484,1484.0,,,,,,,,,,,1,SKY
1485,,,,,,,,,,,,0,SLG
1486,,,,,,,,,,,,1,SLING
1487,1487.0,1487.0,,,,,,,,,,0,SLM
1488,,,,,,,,,,,,1,SLR
1489,1489.0,1489.0,1489.0,1489.0,,,,,,,,1,SLS
1490,1490.0,1490.0,1490.0,1490.0,1490.0,,,,,,,1,SMAC
1491,,,,,,,,,,,,1,SMART
1492,,,,,,,,,,,,0,SMC
1493,1493.0,1493.0,1493.0,1493.0,1493.0,1493.0,1493.0,1493.0,1493.0,1493.0,1493.0,1,SMF
1494,1494.0,1494.0,,,,,,,,,,0,SMLY
1495,,,,,,,,,,,,0,SMNX
1496,1496.0,,,,,,,,,,,1,SMSR
1497,,,,,,,,,,,,1,SMT
1498,,,,,,,,,,,,0,SMT*
1499,1499.0,1499.0,,,,,,,,,,1,SNC
1500,,,,,,,,,,,,1,SND
1501,1501.0,1501.0,1501.0,1501.0,1501.0,1501.0,1501.0,1501.0,1501.0,1501.0,,1,SNGLS
1502,,,,,,,,,,,,0,SNK
1503,,,,,,,,,,,,1,SNM
1504,1504.0,1504.0,1504.0,1504.0,,,,,,,,1,SNOV
1505,,,,,,,,,,,,1,SNRG
1506,1506.0,1506.0,,,,,,,,,,0,SNS
1507,,,,,,,,,,,,1,SNT
1508,,,,,,,,,,,,1,SOAR
1509,1509.0,1509.0,1509.0,,,,,,,,,0,SOCC
1510,,,,,,,,,,,,1,SOIL
1511,,,,,,,,,,,,0,SOJ
1512,1512.0,1512.0,,,,,,,,,,0,SOLE
1513,1513.0,1513.0,1513.0,1513.0,1513.0,,,,,,,0,SONG
1514,1514.0,1514.0,,,,,,,,,,0,SOON
1515,1515.0,1515.0,,,,,,,,,,0,SOUL
1516,1516.0,1516.0,1516.0,1516.0,1516.0,1516.0,1516.0,1516.0,1516.0,1516.0,1516.0,1,SP
1517,,,,,,,,,,,,0,SPA
1518,1518.0,,,,,,,,,,,1,SPACE
1519,1519.0,,,,,,,,,,,1,SPANK
1520,1520.0,1520.0,,,,,,,,,,1,SPC
1521,1521.0,1521.0,1521.0,,,,,,,,,0,SPEC
1522,,,,,,,,,,,,0,SPHR
1523,1523.0,1523.0,1523.0,1523.0,,,,,,,,0,SPHTX
1524,1524.0,1524.0,1524.0,,,,,,,,,1,SPKTR
1525,1525.0,1525.0,1525.0,,,,,,,,,0,SPM
1526,1526.0,1526.0,,,,,,,,,,1,SPN
1527,1527.0,1527.0,,,,,,,,,,1,SPORT
1528,,,,,,,,,,,,1,SPOTS
1529,1529.0,,,,,,,,,,,1,SPR
1530,,,,,,,,,,,,1,SPRTS
1531,,,,,,,,,,,,0,SPT
1532,,,,,,,,,,,,1,SPX
1533,1533.0,,,,,,,,,,,1,SQL
1534,,,,,,,,,,,,0,SQP
1535,,,,,,,,,,,,0,SRC
1536,1536.0,1536.0,,,,,,,,,,0,SRC*
1537,,,,,,,,,,,,1,SRN
1538,1538.0,1538.0,1538.0,,,,,,,,,0,SRT
1539,,,,,,,,,,,,1,SSD
1540,1540.0,1540.0,,,,,,,,,,1,SSTC
1541,1541.0,1541.0,,,,,,,,,,1,SSV
1542,,,,,,,,,,,,1,STA
1543,1543.0,1543.0,1543.0,,,,,,,,,0,STA*
1544,1544.0,1544.0,1544.0,,,,,,,,,0,STAK
1545,1545.0,1545.0,1545.0,1545.0,,,,,,,,0,STALIN
1546,,,,,,,,,,,,1,STAR
1547,1547.0,1547.0,,,,,,,,,,0,STAR*
1548,1548.0,1548.0,1548.0,,,,,,,,,0,START
1549,1549.0,1549.0,,,,,,,,,,0,STC
1550,1550.0,1550.0,,,,,,,,,,0,STCN
1551,1551.0,1551.0,1551.0,,,,,,,,,1,STEEM
1552,1552.0,1552.0,1552.0,,,,,,,,,1,STEPS
1553,1553.0,1553.0,,,,,,,,,,0,STEX
1554,,,,,,,,,,,,0,STH
1555,,,,,,,,,,,,1,STHR
1556,1556.0,1556.0,1556.0,,,,,,,,,0,STO
1557,,,,,,,,,,,,0,STOCKBET
1558,1558.0,1558.0,1558.0,,,,,,,,,0,STORJ
1559,,,,,,,,,,,,1,STORM
1560,,,,,,,,,,,,1,STP
1561,,,,,,,,,,,,1,STR*
1562,,,,,,,,,,,,1,STRAT
1563,1563.0,1563.0,,,,,,,,,,0,STS
1564,1564.0,1564.0,,,,,,,,,,1,STU
1565,,,,,,,,,,,,1,STV
1566,,,,,,,,,,,,1,STX
1567,1567.0,1567.0,,,,,,,,,,0,SUB
1568,,,,,,,,,,,,1,SUB*
1569,,,,,,,,,,,,1,SUMO
1570,1570.0,1570.0,1570.0,,,,,,,,,1,SUP
1571,1571.0,,,,,,,,,,,1,SUPER
1572,1572.0,1572.0,,,,,,,,,,1,SUR
1573,1573.0,1573.0,1573.0,,,,,,,,,1,SWARM
1574,1574.0,1574.0,1574.0,1574.0,,,,,,,,1,SWEET
1575,1575.0,1575.0,1575.0,1575.0,,,,,,,,0,SWIFT
1576,,,,,,,,,,,,1,SWING
1577,,,,,,,,,,,,0,SWT
1578,,,,,,,,,,,,1,SXC
1579,1579.0,1579.0,,,,,,,,,,0,SYC
1580,1580.0,,,,,,,,,,,1,SYNC
1581,1581.0,1581.0,1581.0,,,,,,,,,1,SYNX
1582,,,,,,,,,,,,0,SYS
1583,,,,,,,,,,,,1,TAAS
1584,,,,,,,,,,,,0,TAB
1585,,,,,,,,,,,,0,TAG
1586,1586.0,1586.0,1586.0,,,,,,,,,1,TAGR
1587,1587.0,,,,,,,,,,,1,TAJ
1588,,,,,,,,,,,,0,TAK
1589,1589.0,,,,,,,,,,,1,TAM
1590,1590.0,1590.0,,,,,,,,,,0,TAP
1591,,,,,,,,,,,,0,TAT
1592,,,,,,,,,,,,0,TAU
1593,1593.0,,,,,,,,,,,1,TBCX
1594,,,,,,,,,,,,1,TCR
1595,,,,,,,,,,,,0,TDFB
1596,,,,,,,,,,,,0,TEAM
1597,1597.0,,,,,,,,,,,1,TEC
1598,1598.0,1598.0,1598.0,1598.0,1598.0,1598.0,1598.0,1598.0,1598.0,,,1,TECH
1599,1599.0,1599.0,1599.0,1599.0,1599.0,1599.0,1599.0,1599.0,1599.0,,,1,TEK
1600,1600.0,,,,,,,,,,,1,TELL
1601,1601.0,1601.0,1601.0,,,,,,,,,0,TENNET
1602,,,,,,,,,,,,0,TER
1603,,,,,,,,,,,,1,TES
1604,1604.0,,,,,,,,,,,1,TESLA
1605,1605.0,1605.0,1605.0,,,,,,,,,0,TFL
1606,1606.0,1606.0,1606.0,1606.0,1606.0,1606.0,,,,,,1,TGC
1607,1607.0,,,,,,,,,,,1,TGT
1608,1608.0,,,,,,,,,,,1,THC
1609,,,,,,,,,,,,0,THNX
1610,1610.0,1610.0,,,,,,,,,,1,THS
1611,1611.0,1611.0,,,,,,,,,,0,TIA
1612,1612.0,1612.0,1612.0,1612.0,1612.0,,,,,,,1,TIC
1613,,,,,,,,,,,,1,TIE
1614,,,,,,,,,,,,1,TIME
1615,1615.0,,,,,,,,,,,1,TIO
1616,1616.0,1616.0,,,,,,,,,,0,TIO*
1617,,,,,,,,,,,,0,TIT
1618,,,,,,,,,,,,1,TIX
1619,,,,,,,,,,,,1,TKN
1620,,,,,,,,,,,,1,TKN*
1621,1621.0,1621.0,,,,,,,,,,0,TKR
1622,,,,,,,,,,,,1,TKS
1623,,,,,,,,,,,,0,TKT
1624,1624.0,1624.0,,,,,,,,,,0,TMC
1625,1625.0,1625.0,1625.0,1625.0,,,,,,,,1,TME
1626,,,,,,,,,,,,0,TMT
1627,,,,,,,,,,,,0,TNB
1628,,,,,,,,,,,,1,TNT
1629,1629.0,1629.0,,,,,,,,,,0,TOA
1630,,,,,,,,,,,,1,TODAY
1631,1631.0,1631.0,1631.0,1631.0,1631.0,1631.0,1631.0,1631.0,1631.0,,,1,TOM
1632,,,,,,,,,,,,0,TOR
1633,,,,,,,,,,,,0,TOT
1634,,,,,,,,,,,,1,TPAY
1635,,,,,,,,,,,,1,TPG
1636,1636.0,,,,,,,,,,,1,TRA
1637,,,,,,,,,,,,1,TRC
1638,,,,,,,,,,,,1,TRCT
1639,,,,,,,,,,,,1,TRI
1640,1640.0,1640.0,1640.0,,,,,,,,,0,TRIA
1641,1641.0,1641.0,1641.0,,,,,,,,,0,TRIBE
1642,,,,,,,,,,,,1,TRICK
1643,1643.0,,,,,,,,,,,1,TRIG
1644,,,,,,,,,,,,0,TRIP
1645,1645.0,,,,,,,,,,,1,TRK
1646,1646.0,1646.0,1646.0,,,,,,,,,1,TRON
1647,1647.0,1647.0,,,,,,,,,,1,TRST
1648,1648.0,,,,,,,,,,,1,TRUMP
1649,,,,,,,,,,,,0,TRUST
1650,,,,,,,,,,,,1,TRV
1651,1651.0,1651.0,1651.0,1651.0,1651.0,1651.0,1651.0,1651.0,1651.0,,,0,TRX
1652,1652.0,1652.0,1652.0,,,,,,,,,0,TSE
1653,,,,,,,,,,,,0,TTC
1654,1654.0,1654.0,1654.0,,,,,,,,,0,TTT
1655,1655.0,1655.0,,,,,,,,,,0,TUR
1656,,,,,,,,,,,,1,TWIST
1657,1657.0,,,,,,,,,,,1,TWLV
1658,1658.0,1658.0,,,,,,,,,,1,TX
1659,1659.0,,,,,,,,,,,1,TZC
1660,1660.0,1660.0,,,,,,,,,,1,U
1661,,,,,,,,,,,,0,UAEC
1662,,,,,,,,,,,,1,UBIQ
1663,1663.0,1663.0,,,,,,,,,,1,UBQ
1664,,,,,,,,,,,,0,UET
1665,,,,,,,,,,,,1,UFO
1666,1666.0,1666.0,1666.0,,,,,,,,,0,UFR
1667,1667.0,1667.0,,,,,,,,,,1,UGT
1668,,,,,,,,,,,,1,UIS
1669,1669.0,1669.0,1669.0,1669.0,,,,,,,,1,UKG
1670,,,,,,,,,,,,0,ULTC
1671,1671.0,1671.0,1671.0,,,,,,,,,1,UMC
1672,1672.0,1672.0,1672.0,1672.0,,,,,,,,0,UNAT
1673,1673.0,1673.0,,,,,,,,,,1,UNB
1674,1674.0,,,,,,,,,,,1,UNC
1675,,,,,,,,,,,,1,UNF
1676,,,,,,,,,,,,0,UNI
1677,1677.0,1677.0,1677.0,1677.0,1677.0,,,,,,,0,UNIFY
1678,,,,,,,,,,,,1,UNIQ
1679,,,,,,,,,,,,1,UNIT
1680,1680.0,1680.0,,,,,,,,,,0,UNITS
1681,,,,,,,,,,,,1,UNITY
1682,,,,,,,,,,,,0,UNO
1683,,,,,,,,,,,,0,UP
1684,,,,,,,,,,,,1,UQC
1685,,,,,,,,,,,,0,UR
1686,,,,,,,,,,,,0,URO
1687,,,,,,,,,,,,1,USC
1688,1688.0,1688.0,,,,,,,,,,1,USDE
1689,,,,,,,,,,,,1,USDT
1690,,,,,,,,,,,,0,UTC
1691,1691.0,1691.0,,,,,,,,,,0,UTH
1692,,,,,,,,,,,,0,UTIL
1693,,,,,,,,,,,,0,UTK
1694,1694.0,1694.0,1694.0,1694.0,,,,,,,,0,UTN
1695,,,,,,,,,,,,0,VAPOR
1696,1696.0,1696.0,1696.0,1696.0,,,,,,,,1,VDO
1697,1697.0,,,,,,,,,,,1,VEC2
1698,,,,,,,,,,,,0,VEE
1699,,,,,,,,,,,,1,VEG
1700,,,,,,,,,,,,1,VEN
1701,1701.0,1701.0,1701.0,,,,,,,,,1,VERI
1702,1702.0,,,,,,,,,,,1,VERSA
1703,,,,,,,,,,,,0,VIA
1704,,,,,,,,,,,,1,VIB
1705,,,,,,,,,,,,1,VIBE
1706,1706.0,1706.0,1706.0,,,,,,,,,0,VIDZ
1707,1707.0,1707.0,,,,,,,,,,1,VIOR
1708,1708.0,1708.0,,,,,,,,,,1,VIP
1709,,,,,,,,,,,,0,VIRAL
1710,1710.0,,,,,,,,,,,1,VISIO
1711,,,,,,,,,,,,1,VIU
1712,,,,,,,,,,,,1,VIVO
1713,,,,,,,,,,,,0,VLT
1714,1714.0,1714.0,,,,,,,,,,1,VLTC
1715,,,,,,,,,,,,1,VMC
1716,1716.0,1716.0,1716.0,,,,,,,,,0,VNT
1717,1717.0,1717.0,1717.0,1717.0,,,,,,,,0,VOISE
1718,,,,,,,,,,,,0,VOLT
1719,1719.0,1719.0,1719.0,,,,,,,,,0,VOOT
1720,1720.0,1720.0,,,,,,,,,,0,VOT
1721,,,,,,,,,,,,1,VOX
1722,,,,,,,,,,,,1,VOYA
1723,1723.0,1723.0,,,,,,,,,,1,VPRC
1724,1724.0,,,,,,,,,,,1,VRC
1725,,,,,,,,,,,,1,VRM
1726,,,,,,,,,,,,1,VRP*
1727,,,,,,,,,,,,1,VRS
1728,,,,,,,,,,,,1,VSL
1729,,,,,,,,,,,,0,VSX
1730,,,,,,,,,,,,1,VTA
1731,1731.0,1731.0,,,,,,,,,,0,VTC
1732,,,,,,,,,,,,1,VTR
1733,,,,,,,,,,,,0,VTX
1734,,,,,,,,,,,,0,VTY
1735,,,,,,,,,,,,0,VUC
1736,,,,,,,,,,,,0,VZT
1737,,,,,,,,,,,,1,WABI
1738,,,,,,,,,,,,0,WAN
1739,1739.0,1739.0,1739.0,,,,,,,,,0,WAND
1740,1740.0,1740.0,,,,,,,,,,0,WARP
1741,,,,,,,,,,,,1,WASH
1742,,,,,,,,,,,,1,WAVES
1743,1743.0,1743.0,1743.0,1743.0,1743.0,,,,,,,0,WAX
1744,,,,,,,,,,,,0,WAY
1745,,,,,,,,,,,,1,WBB
1746,1746.0,1746.0,1746.0,,,,,,,,,1,WBTC
1747,1747.0,1747.0,,,,,,,,,,0,WC
1748,1748.0,1748.0,1748.0,1748.0,1748.0,1748.0,1748.0,1748.0,1748.0,,,1,WCT
1749,,,,,,,,,,,,1,WDC
1750,,,,,,,,,,,,1,WEALTH
1751,,,,,,,,,,,,0,WEB
1752,1752.0,,,,,,,,,,,1,WEX
1753,,,,,,,,,,,,1,WGC
1754,1754.0,,,,,,,,,,,1,WGO
1755,1755.0,1755.0,,,,,,,,,,1,WGR
1756,,,,,,,,,,,,0,WHL
1757,,,,,,,,,,,,0,WIC
1758,,,,,,,,,,,,0,WILD
1759,1759.0,,,,,,,,,,,1,WINE
1760,,,,,,,,,,,,1,WINGS
1761,1761.0,,,,,,,,,,,1,WINK
1762,,,,,,,,,,,,0,WISC
1763,1763.0,1763.0,,,,,,,,,,0,WISH*
1764,,,,,,,,,,,,0,WIZ
1765,1765.0,1765.0,,,,,,,,,,0,WMC
1766,,,,,,,,,,,,0,WNET
1767,1767.0,,,,,,,,,,,1,WOLF
1768,,,,,,,,,,,,1,WOLK
1769,,,,,,,,,,,,0,WOMEN
1770,,,,,,,,,,,,1,WOP
1771,1771.0,1771.0,,,,,,,,,,0,WORM
1772,1772.0,1772.0,1772.0,1772.0,,,,,,,,0,WPR
1773,1773.0,,,,,,,,,,,1,WRC
1774,1774.0,,,,,,,,,,,1,WRC*
1775,1775.0,1775.0,1775.0,,,,,,,,,1,WRT
1776,1776.0,1776.0,,,,,,,,,,0,WSC
1777,1777.0,1777.0,1777.0,1777.0,1777.0,,,,,,,0,WSH
1778,1778.0,1778.0,1778.0,1778.0,1778.0,,,,,,,1,WSX
1779,,,,,,,,,,,,1,WTC
1780,,,,,,,,,,,,1,WTT
1781,1781.0,1781.0,1781.0,,,,,,,,,0,WYR
1782,1782.0,1782.0,,,,,,,,,,0,X2
1783,1783.0,1783.0,1783.0,1783.0,1783.0,1783.0,1783.0,1783.0,1783.0,1783.0,1783.0,0,X8X
1784,1784.0,1784.0,,,,,,,,,,0,XAI
1785,,,,,,,,,,,,0,XAI*
1786,,,,,,,,,,,,1,XAS
1787,,,,,,,,,,,,1,XAU
1788,,,,,,,,,,,,1,XAUR
1789,,,,,,,,,,,,1,XBC
1790,1790.0,1790.0,,,,,,,,,,1,XBL
1791,1791.0,1791.0,1791.0,,,,,,,,,0,XBOT
1792,1792.0,1792.0,1792.0,,,,,,,,,0,XBS
1793,1793.0,,,,,,,,,,,1,XBTS
1794,,,,,,,,,,,,1,XBY
1795,1795.0,1795.0,1795.0,,,,,,,,,0,XC
1796,,,,,,,,,,,,1,XCASH
1797,,,,,,,,,,,,1,XCE
1798,,,,,,,,,,,,0,XCI
1799,,,,,,,,,,,,0,XCJ
1800,,,,,,,,,,,,1,XCN
1801,1801.0,1801.0,,,,,,,,,,1,XCO
1802,,,,,,,,,,,,1,XCP
1803,,,,,,,,,,,,0,XCR
1804,,,,,,,,,,,,0,XCRE
1805,1805.0,1805.0,,,,,,,,,,0,XCS
1806,1806.0,,,,,,,,,,,1,XCT
1807,,,,,,,,,,,,1,XCXT
1808,,,,,,,,,,,,0,XDB
1809,,,,,,,,,,,,1,XDC
1810,,,,,,,,,,,,1,XDE2
1811,1811.0,1811.0,1811.0,1811.0,,,,,,,,0,XDN
1812,1812.0,,,,,,,,,,,1,XDP
1813,,,,,,,,,,,,1,XDQ
1814,1814.0,1814.0,1814.0,,,,,,,,,0,XEL
1815,1815.0,1815.0,1815.0,1815.0,1815.0,1815.0,,,,,,0,XEM
1816,1816.0,1816.0,1816.0,,,,,,,,,1,XEN
1817,1817.0,1817.0,,,,,,,,,,1,XFC
1818,1818.0,1818.0,,,,,,,,,,0,XG
1819,,,,,,,,,,,,1,XGB
1820,,,,,,,,,,,,1,XGR
1821,1821.0,1821.0,1821.0,,,,,,,,,1,XHI
1822,,,,,,,,,,,,1,XID
1823,,,,,,,,,,,,1,XID*
1824,1824.0,1824.0,1824.0,1824.0,1824.0,1824.0,1824.0,1824.0,1824.0,1824.0,1824.0,0,XIN
1825,,,,,,,,,,,,0,XIN*
1826,1826.0,1826.0,1826.0,,,,,,,,,1,XIOS
1827,,,,,,,,,,,,0,XJO
1828,1828.0,1828.0,,,,,,,,,,1,XLB
1829,,,,,,,,,,,,1,XLC
1830,1830.0,1830.0,1830.0,1830.0,,,,,,,,0,XLM
1831,1831.0,1831.0,,,,,,,,,,0,XLR
1832,,,,,,,,,,,,1,XMCC
1833,1833.0,,,,,,,,,,,1,XMG
1834,1834.0,,,,,,,,,,,1,XMR
1835,,,,,,,,,,,,1,XMRG
1836,,,,,,,,,,,,0,XMS
1837,,,,,,,,,,,,1,XMY
1838,,,,,,,,,,,,1,XNA
1839,,,,,,,,,,,,1,XNC
1840,,,,,,,,,,,,0,XNC*
1841,1841.0,1841.0,,,,,,,,,,0,XNG
1842,,,,,,,,,,,,1,XNN
1843,,,,,,,,,,,,0,XNX
1844,1844.0,1844.0,,,,,,,,,,1,XP
1845,,,,,,,,,,,,1,XPB
1846,1846.0,1846.0,1846.0,1846.0,,,,,,,,1,XPD
1847,,,,,,,,,,,,1,XPH
1848,1848.0,1848.0,1848.0,1848.0,1848.0,,,,,,,1,XPM
1849,1849.0,,,,,,,,,,,1,XPO
1850,,,,,,,,,,,,0,XPOKE
1851,,,,,,,,,,,,0,XPRO
1852,,,,,,,,,,,,1,XPS
1853,,,,,,,,,,,,1,XPTX
1854,,,,,,,,,,,,1,XPY
1855,1855.0,1855.0,,,,,,,,,,1,XQN
1856,,,,,,,,,,,,0,XRA
1857,1857.0,1857.0,,,,,,,,,,1,XRB
1858,1858.0,1858.0,1858.0,1858.0,1858.0,1858.0,1858.0,1858.0,1858.0,1858.0,,1,XRE
1859,1859.0,1859.0,1859.0,1859.0,,,,,,,,0,XRED
1860,,,,,,,,,,,,0,XRL
1861,,,,,,,,,,,,0,XRP
1862,,,,,,,,,,,,0,XSB
1863,1863.0,1863.0,1863.0,1863.0,1863.0,1863.0,1863.0,1863.0,1863.0,,,0,XSEED
1864,1864.0,1864.0,,,,,,,,,,0,XSH
1865,1865.0,1865.0,1865.0,1865.0,,,,,,,,1,XSI
1866,,,,,,,,,,,,1,XSP
1867,1867.0,,,,,,,,,,,1,XSPEC
1868,,,,,,,,,,,,0,XST
1869,1869.0,1869.0,,,,,,,,,,1,XT
1870,,,,,,,,,,,,1,XTC
1871,1871.0,1871.0,,,,,,,,,,1,XTZ
1872,,,,,,,,,,,,1,XUC
1873,,,,,,,,,,,,0,XUC*
1874,,,,,,,,,,,,0,XUN
1875,1875.0,,,,,,,,,,,1,XUP
1876,1876.0,,,,,,,,,,,1,XVC
1877,1877.0,,,,,,,,,,,1,XVE
1878,1878.0,1878.0,,,,,,,,,,1,XVG
1879,,,,,,,,,,,,0,XVP
1880,1880.0,,,,,,,,,,,1,XWC
1881,1881.0,,,,,,,,,,,1,XWT
1882,1882.0,1882.0,,,,,,,,,,1,XXX
1883,,,,,,,,,,,,0,XZC
1884,1884.0,1884.0,,,,,,,,,,0,YAC
1885,,,,,,,,,,,,1,YAY
1886,,,,,,,,,,,,1,YBC
1887,,,,,,,,,,,,1,YES
1888,,,,,,,,,,,,1,YMC
1889,,,,,,,,,,,,1,YOC
1890,1890.0,1890.0,,,,,,,,,,1,YOVI
1891,1891.0,1891.0,,,,,,,,,,1,YOYOW
1892,1892.0,1892.0,,,,,,,,,,0,Z2
1893,1893.0,1893.0,,,,,,,,,,0,ZAB
1894,,,,,,,,,,,,1,ZBC
1895,1895.0,1895.0,1895.0,,,,,,,,,0,ZCC
1896,1896.0,1896.0,1896.0,,,,,,,,,1,ZCG
1897,1897.0,1897.0,,,,,,,,,,0,ZCL
1898,1898.0,1898.0,,,,,,,,,,0,ZEC
1899,,,,,,,,,,,,1,ZECD
1900,,,,,,,,,,,,0,ZED
1901,1901.0,,,,,,,,,,,1,ZEIT
1902,1902.0,1902.0,1902.0,1902.0,1902.0,1902.0,1902.0,1902.0,1902.0,1902.0,,1,ZEN
1903,1903.0,1903.0,,,,,,,,,,0,ZENI
1904,,,,,,,,,,,,0,ZEPH
1905,1905.0,1905.0,,,,,,,,,,1,ZER
1906,,,,,,,,,,,,0,ZET
1907,1907.0,1907.0,,,,,,,,,,1,ZET2
1908,,,,,,,,,,,,1,ZLQ
1909,,,,,,,,,,,,0,ZNA
1910,,,,,,,,,,,,0,ZNE
1911,1911.0,1911.0,,,,,,,,,,0,ZNT
1912,,,,,,,,,,,,1,ZNY
1913,,,,,,,,,,,,1,ZOI
1914,1914.0,1914.0,1914.0,1914.0,1914.0,,,,,,,1,ZOOM
1915,,,,,,,,,,,,1,ZRC
1916,1916.0,1916.0,1916.0,,,,,,,,,0,ZRC*
1917,1917.0,1917.0,1917.0,1917.0,1917.0,1917.0,1917.0,1917.0,1917.0,1917.0,1917.0,1,ZRX
1918,,,,,,,,,,,,0,ZSC
1919,1919.0,,,,,,,,,,,1,ZSE
1920,1920.0,1920.0,1920.0,1920.0,,,,,,,,1,ZUR
1921,1921.0,1921.0,1921.0,1921.0,1921.0,1921.0,1921.0,1921.0,1921.0,1921.0,,1,ZXT
1922,1922.0,1922.0,1922.0,1922.0,,,,,,,,0,ZYD
1923,1923.0,1923.0,1923.0,1923.0,1923.0,1923.0,1923.0,1923.0,1923.0,1923.0,1923.0,0,xGOx
